/*
Navicat MySQL Data Transfer

Source Server         : db
Source Server Version : 50516
Source Host           : localhost:3306
Source Database       : croogo150

Target Server Type    : MYSQL
Target Server Version : 50516
File Encoding         : 65001

Date: 2013-05-12 13:48:56
*/

SET FOREIGN_KEY_CHECKS=0;

-- ----------------------------
-- Table structure for `acos`
-- ----------------------------
DROP TABLE IF EXISTS `acos`;
CREATE TABLE `acos` (
  `id` int(10) NOT NULL AUTO_INCREMENT,
  `parent_id` int(10) DEFAULT NULL,
  `model` varchar(255) COLLATE utf8_unicode_ci DEFAULT NULL,
  `foreign_key` int(10) DEFAULT NULL,
  `alias` varchar(255) COLLATE utf8_unicode_ci DEFAULT NULL,
  `lft` int(10) DEFAULT NULL,
  `rght` int(10) DEFAULT NULL,
  PRIMARY KEY (`id`)
) ENGINE=InnoDB AUTO_INCREMENT=283 DEFAULT CHARSET=utf8 COLLATE=utf8_unicode_ci;

-- ----------------------------
-- Records of acos
-- ----------------------------
INSERT INTO `acos` VALUES ('1', null, '', null, 'controllers', '1', '478');
INSERT INTO `acos` VALUES ('2', '208', '', null, 'Attachments', '129', '140');
INSERT INTO `acos` VALUES ('3', '2', '', null, 'admin_index', '130', '131');
INSERT INTO `acos` VALUES ('4', '2', '', null, 'admin_add', '132', '133');
INSERT INTO `acos` VALUES ('5', '2', '', null, 'admin_edit', '134', '135');
INSERT INTO `acos` VALUES ('6', '2', '', null, 'admin_delete', '136', '137');
INSERT INTO `acos` VALUES ('7', '2', '', null, 'admin_browse', '138', '139');
INSERT INTO `acos` VALUES ('8', '206', '', null, 'Blocks', '37', '54');
INSERT INTO `acos` VALUES ('9', '8', '', null, 'admin_index', '38', '39');
INSERT INTO `acos` VALUES ('10', '8', '', null, 'admin_add', '40', '41');
INSERT INTO `acos` VALUES ('11', '8', '', null, 'admin_edit', '42', '43');
INSERT INTO `acos` VALUES ('12', '8', '', null, 'admin_delete', '44', '45');
INSERT INTO `acos` VALUES ('13', '8', '', null, 'admin_moveup', '46', '47');
INSERT INTO `acos` VALUES ('14', '8', '', null, 'admin_movedown', '48', '49');
INSERT INTO `acos` VALUES ('15', '8', '', null, 'admin_process', '50', '51');
INSERT INTO `acos` VALUES ('16', '209', '', null, 'Comments', '143', '158');
INSERT INTO `acos` VALUES ('17', '16', '', null, 'admin_index', '144', '145');
INSERT INTO `acos` VALUES ('18', '16', '', null, 'admin_edit', '146', '147');
INSERT INTO `acos` VALUES ('19', '16', '', null, 'admin_delete', '148', '149');
INSERT INTO `acos` VALUES ('20', '16', '', null, 'admin_process', '150', '151');
INSERT INTO `acos` VALUES ('21', '16', '', null, 'index', '152', '153');
INSERT INTO `acos` VALUES ('22', '16', '', null, 'add', '154', '155');
INSERT INTO `acos` VALUES ('23', '16', '', null, 'delete', '156', '157');
INSERT INTO `acos` VALUES ('24', '210', '', null, 'Contacts', '161', '174');
INSERT INTO `acos` VALUES ('25', '24', '', null, 'admin_index', '162', '163');
INSERT INTO `acos` VALUES ('26', '24', '', null, 'admin_add', '164', '165');
INSERT INTO `acos` VALUES ('27', '24', '', null, 'admin_edit', '166', '167');
INSERT INTO `acos` VALUES ('28', '24', '', null, 'admin_delete', '168', '169');
INSERT INTO `acos` VALUES ('29', '24', '', null, 'view', '170', '171');
INSERT INTO `acos` VALUES ('30', '208', '', null, 'FileManager', '107', '128');
INSERT INTO `acos` VALUES ('31', '30', '', null, 'admin_index', '108', '109');
INSERT INTO `acos` VALUES ('32', '30', '', null, 'admin_browse', '110', '111');
INSERT INTO `acos` VALUES ('33', '30', '', null, 'admin_editfile', '112', '113');
INSERT INTO `acos` VALUES ('34', '30', '', null, 'admin_upload', '114', '115');
INSERT INTO `acos` VALUES ('35', '30', '', null, 'admin_delete_file', '116', '117');
INSERT INTO `acos` VALUES ('36', '30', '', null, 'admin_delete_directory', '118', '119');
INSERT INTO `acos` VALUES ('37', '30', '', null, 'admin_rename', '120', '121');
INSERT INTO `acos` VALUES ('38', '30', '', null, 'admin_create_directory', '122', '123');
INSERT INTO `acos` VALUES ('39', '30', '', null, 'admin_create_file', '124', '125');
INSERT INTO `acos` VALUES ('40', '30', '', null, 'admin_chmod', '126', '127');
INSERT INTO `acos` VALUES ('41', '213', '', null, 'Languages', '271', '286');
INSERT INTO `acos` VALUES ('42', '41', '', null, 'admin_index', '272', '273');
INSERT INTO `acos` VALUES ('43', '41', '', null, 'admin_add', '274', '275');
INSERT INTO `acos` VALUES ('44', '41', '', null, 'admin_edit', '276', '277');
INSERT INTO `acos` VALUES ('45', '41', '', null, 'admin_delete', '278', '279');
INSERT INTO `acos` VALUES ('46', '41', '', null, 'admin_moveup', '280', '281');
INSERT INTO `acos` VALUES ('47', '41', '', null, 'admin_movedown', '282', '283');
INSERT INTO `acos` VALUES ('48', '41', '', null, 'admin_select', '284', '285');
INSERT INTO `acos` VALUES ('49', '212', '', null, 'Links', '231', '248');
INSERT INTO `acos` VALUES ('50', '49', '', null, 'admin_index', '232', '233');
INSERT INTO `acos` VALUES ('51', '49', '', null, 'admin_add', '234', '235');
INSERT INTO `acos` VALUES ('52', '49', '', null, 'admin_edit', '236', '237');
INSERT INTO `acos` VALUES ('53', '49', '', null, 'admin_delete', '238', '239');
INSERT INTO `acos` VALUES ('54', '49', '', null, 'admin_moveup', '240', '241');
INSERT INTO `acos` VALUES ('55', '49', '', null, 'admin_movedown', '242', '243');
INSERT INTO `acos` VALUES ('56', '49', '', null, 'admin_process', '244', '245');
INSERT INTO `acos` VALUES ('57', '212', '', null, 'Menus', '221', '230');
INSERT INTO `acos` VALUES ('58', '57', '', null, 'admin_index', '222', '223');
INSERT INTO `acos` VALUES ('59', '57', '', null, 'admin_add', '224', '225');
INSERT INTO `acos` VALUES ('60', '57', '', null, 'admin_edit', '226', '227');
INSERT INTO `acos` VALUES ('61', '57', '', null, 'admin_delete', '228', '229');
INSERT INTO `acos` VALUES ('62', '210', '', null, 'Messages', '175', '184');
INSERT INTO `acos` VALUES ('63', '62', '', null, 'admin_index', '176', '177');
INSERT INTO `acos` VALUES ('64', '62', '', null, 'admin_edit', '178', '179');
INSERT INTO `acos` VALUES ('65', '62', '', null, 'admin_delete', '180', '181');
INSERT INTO `acos` VALUES ('66', '62', '', null, 'admin_process', '182', '183');
INSERT INTO `acos` VALUES ('67', '211', '', null, 'Nodes', '187', '218');
INSERT INTO `acos` VALUES ('68', '67', '', null, 'admin_index', '188', '189');
INSERT INTO `acos` VALUES ('69', '67', '', null, 'admin_create', '190', '191');
INSERT INTO `acos` VALUES ('70', '67', '', null, 'admin_add', '192', '193');
INSERT INTO `acos` VALUES ('71', '67', '', null, 'admin_edit', '194', '195');
INSERT INTO `acos` VALUES ('72', '67', '', null, 'admin_update_paths', '196', '197');
INSERT INTO `acos` VALUES ('73', '67', '', null, 'admin_delete', '198', '199');
INSERT INTO `acos` VALUES ('74', '67', '', null, 'admin_delete_meta', '200', '201');
INSERT INTO `acos` VALUES ('75', '67', '', null, 'admin_add_meta', '202', '203');
INSERT INTO `acos` VALUES ('76', '67', '', null, 'admin_process', '204', '205');
INSERT INTO `acos` VALUES ('77', '67', '', null, 'index', '206', '207');
INSERT INTO `acos` VALUES ('78', '67', '', null, 'term', '208', '209');
INSERT INTO `acos` VALUES ('79', '67', '', null, 'promoted', '210', '211');
INSERT INTO `acos` VALUES ('80', '67', '', null, 'search', '212', '213');
INSERT INTO `acos` VALUES ('81', '67', '', null, 'view', '214', '215');
INSERT INTO `acos` VALUES ('82', '206', '', null, 'Regions', '55', '64');
INSERT INTO `acos` VALUES ('83', '82', '', null, 'admin_index', '56', '57');
INSERT INTO `acos` VALUES ('84', '82', '', null, 'admin_add', '58', '59');
INSERT INTO `acos` VALUES ('85', '82', '', null, 'admin_edit', '60', '61');
INSERT INTO `acos` VALUES ('86', '82', '', null, 'admin_delete', '62', '63');
INSERT INTO `acos` VALUES ('87', '215', '', null, 'Roles', '363', '372');
INSERT INTO `acos` VALUES ('88', '87', '', null, 'admin_index', '364', '365');
INSERT INTO `acos` VALUES ('89', '87', '', null, 'admin_add', '366', '367');
INSERT INTO `acos` VALUES ('90', '87', '', null, 'admin_edit', '368', '369');
INSERT INTO `acos` VALUES ('91', '87', '', null, 'admin_delete', '370', '371');
INSERT INTO `acos` VALUES ('92', '213', '', null, 'Settings', '251', '270');
INSERT INTO `acos` VALUES ('93', '92', '', null, 'admin_dashboard', '252', '253');
INSERT INTO `acos` VALUES ('94', '92', '', null, 'admin_index', '254', '255');
INSERT INTO `acos` VALUES ('95', '92', '', null, 'admin_view', '256', '257');
INSERT INTO `acos` VALUES ('96', '92', '', null, 'admin_add', '258', '259');
INSERT INTO `acos` VALUES ('97', '92', '', null, 'admin_edit', '260', '261');
INSERT INTO `acos` VALUES ('98', '92', '', null, 'admin_delete', '262', '263');
INSERT INTO `acos` VALUES ('99', '92', '', null, 'admin_prefix', '264', '265');
INSERT INTO `acos` VALUES ('100', '92', '', null, 'admin_moveup', '266', '267');
INSERT INTO `acos` VALUES ('101', '92', '', null, 'admin_movedown', '268', '269');
INSERT INTO `acos` VALUES ('102', '214', '', null, 'Terms', '289', '302');
INSERT INTO `acos` VALUES ('103', '102', '', null, 'admin_index', '290', '291');
INSERT INTO `acos` VALUES ('104', '102', '', null, 'admin_add', '292', '293');
INSERT INTO `acos` VALUES ('105', '102', '', null, 'admin_edit', '294', '295');
INSERT INTO `acos` VALUES ('106', '102', '', null, 'admin_delete', '296', '297');
INSERT INTO `acos` VALUES ('107', '102', '', null, 'admin_moveup', '298', '299');
INSERT INTO `acos` VALUES ('108', '102', '', null, 'admin_movedown', '300', '301');
INSERT INTO `acos` VALUES ('110', '214', '', null, 'Types', '303', '312');
INSERT INTO `acos` VALUES ('111', '110', '', null, 'admin_index', '304', '305');
INSERT INTO `acos` VALUES ('112', '110', '', null, 'admin_add', '306', '307');
INSERT INTO `acos` VALUES ('113', '110', '', null, 'admin_edit', '308', '309');
INSERT INTO `acos` VALUES ('114', '110', '', null, 'admin_delete', '310', '311');
INSERT INTO `acos` VALUES ('115', '215', '', null, 'Users', '329', '362');
INSERT INTO `acos` VALUES ('116', '115', '', null, 'admin_index', '330', '331');
INSERT INTO `acos` VALUES ('117', '115', '', null, 'admin_add', '332', '333');
INSERT INTO `acos` VALUES ('118', '115', '', null, 'admin_edit', '334', '335');
INSERT INTO `acos` VALUES ('119', '115', '', null, 'admin_reset_password', '336', '337');
INSERT INTO `acos` VALUES ('120', '115', '', null, 'admin_delete', '338', '339');
INSERT INTO `acos` VALUES ('121', '115', '', null, 'admin_login', '340', '341');
INSERT INTO `acos` VALUES ('122', '115', '', null, 'admin_logout', '342', '343');
INSERT INTO `acos` VALUES ('123', '115', '', null, 'index', '344', '345');
INSERT INTO `acos` VALUES ('124', '115', '', null, 'add', '346', '347');
INSERT INTO `acos` VALUES ('125', '115', '', null, 'activate', '348', '349');
INSERT INTO `acos` VALUES ('126', '115', '', null, 'edit', '350', '351');
INSERT INTO `acos` VALUES ('127', '115', '', null, 'forgot', '352', '353');
INSERT INTO `acos` VALUES ('128', '115', '', null, 'reset', '354', '355');
INSERT INTO `acos` VALUES ('129', '115', '', null, 'login', '356', '357');
INSERT INTO `acos` VALUES ('130', '115', '', null, 'logout', '358', '359');
INSERT INTO `acos` VALUES ('131', '115', '', null, 'view', '360', '361');
INSERT INTO `acos` VALUES ('132', '214', '', null, 'Vocabularies', '313', '326');
INSERT INTO `acos` VALUES ('133', '132', '', null, 'admin_index', '314', '315');
INSERT INTO `acos` VALUES ('134', '132', '', null, 'admin_add', '316', '317');
INSERT INTO `acos` VALUES ('135', '132', '', null, 'admin_edit', '318', '319');
INSERT INTO `acos` VALUES ('136', '132', '', null, 'admin_delete', '320', '321');
INSERT INTO `acos` VALUES ('142', '205', '', null, 'AclActions', '13', '26');
INSERT INTO `acos` VALUES ('143', '142', '', null, 'admin_index', '14', '15');
INSERT INTO `acos` VALUES ('144', '142', '', null, 'admin_add', '16', '17');
INSERT INTO `acos` VALUES ('145', '142', '', null, 'admin_edit', '18', '19');
INSERT INTO `acos` VALUES ('146', '142', '', null, 'admin_delete', '20', '21');
INSERT INTO `acos` VALUES ('147', '142', '', null, 'admin_move', '22', '23');
INSERT INTO `acos` VALUES ('148', '142', '', null, 'admin_generate', '24', '25');
INSERT INTO `acos` VALUES ('154', '205', '', null, 'AclPermissions', '27', '34');
INSERT INTO `acos` VALUES ('155', '154', '', null, 'admin_index', '28', '29');
INSERT INTO `acos` VALUES ('156', '154', '', null, 'admin_toggle', '30', '31');
INSERT INTO `acos` VALUES ('162', '207', '', null, 'ExtensionsLocales', '67', '78');
INSERT INTO `acos` VALUES ('163', '162', '', null, 'admin_index', '68', '69');
INSERT INTO `acos` VALUES ('164', '162', '', null, 'admin_activate', '70', '71');
INSERT INTO `acos` VALUES ('165', '162', '', null, 'admin_add', '72', '73');
INSERT INTO `acos` VALUES ('166', '162', '', null, 'admin_edit', '74', '75');
INSERT INTO `acos` VALUES ('167', '162', '', null, 'admin_delete', '76', '77');
INSERT INTO `acos` VALUES ('168', '207', '', null, 'ExtensionsPlugins', '79', '90');
INSERT INTO `acos` VALUES ('169', '168', '', null, 'admin_index', '80', '81');
INSERT INTO `acos` VALUES ('170', '168', '', null, 'admin_add', '82', '83');
INSERT INTO `acos` VALUES ('171', '168', '', null, 'admin_delete', '84', '85');
INSERT INTO `acos` VALUES ('172', '207', '', null, 'ExtensionsThemes', '91', '104');
INSERT INTO `acos` VALUES ('173', '172', '', null, 'admin_index', '92', '93');
INSERT INTO `acos` VALUES ('174', '172', '', null, 'admin_activate', '94', '95');
INSERT INTO `acos` VALUES ('175', '172', '', null, 'admin_add', '96', '97');
INSERT INTO `acos` VALUES ('176', '172', '', null, 'admin_editor', '98', '99');
INSERT INTO `acos` VALUES ('177', '172', '', null, 'admin_save', '100', '101');
INSERT INTO `acos` VALUES ('178', '172', '', null, 'admin_delete', '102', '103');
INSERT INTO `acos` VALUES ('179', '1', null, null, 'Translate', '2', '11');
INSERT INTO `acos` VALUES ('180', '179', null, null, 'Translate', '3', '10');
INSERT INTO `acos` VALUES ('181', '180', null, null, 'admin_index', '4', '5');
INSERT INTO `acos` VALUES ('182', '180', null, null, 'admin_edit', '6', '7');
INSERT INTO `acos` VALUES ('183', '180', null, null, 'admin_delete', '8', '9');
INSERT INTO `acos` VALUES ('205', '1', null, null, 'Acl', '12', '35');
INSERT INTO `acos` VALUES ('206', '1', null, null, 'Blocks', '36', '65');
INSERT INTO `acos` VALUES ('207', '1', null, null, 'Extensions', '66', '105');
INSERT INTO `acos` VALUES ('208', '1', null, null, 'FileManager', '106', '141');
INSERT INTO `acos` VALUES ('209', '1', null, null, 'Comments', '142', '159');
INSERT INTO `acos` VALUES ('210', '1', null, null, 'Contacts', '160', '185');
INSERT INTO `acos` VALUES ('211', '1', null, null, 'Nodes', '186', '219');
INSERT INTO `acos` VALUES ('212', '1', null, null, 'Menus', '220', '249');
INSERT INTO `acos` VALUES ('213', '1', null, null, 'Settings', '250', '287');
INSERT INTO `acos` VALUES ('214', '1', null, null, 'Taxonomy', '288', '327');
INSERT INTO `acos` VALUES ('215', '1', null, null, 'Users', '328', '373');
INSERT INTO `acos` VALUES ('216', '154', null, null, 'admin_upgrade', '32', '33');
INSERT INTO `acos` VALUES ('217', '8', null, null, 'admin_toggle', '52', '53');
INSERT INTO `acos` VALUES ('220', '24', null, null, 'captcha', '172', '173');
INSERT INTO `acos` VALUES ('222', '168', null, null, 'admin_toggle', '86', '87');
INSERT INTO `acos` VALUES ('223', '168', null, null, 'admin_migrate', '88', '89');
INSERT INTO `acos` VALUES ('224', '49', null, null, 'admin_toggle', '246', '247');
INSERT INTO `acos` VALUES ('225', '1', null, null, 'Meta', '374', '375');
INSERT INTO `acos` VALUES ('226', '1', null, null, 'Migrations', '376', '377');
INSERT INTO `acos` VALUES ('227', '67', null, null, 'admin_toggle', '216', '217');
INSERT INTO `acos` VALUES ('228', '1', null, null, 'Search', '378', '379');
INSERT INTO `acos` VALUES ('229', '132', null, null, 'admin_moveup', '322', '323');
INSERT INTO `acos` VALUES ('230', '132', null, null, 'admin_movedown', '324', '325');
INSERT INTO `acos` VALUES ('231', '1', null, null, 'Tinymce', '380', '381');
INSERT INTO `acos` VALUES ('232', null, null, null, '', null, null);
INSERT INTO `acos` VALUES ('233', '1', null, null, 'Service', '382', '401');
INSERT INTO `acos` VALUES ('234', '233', null, null, 'Service', '383', '400');
INSERT INTO `acos` VALUES ('235', '234', null, null, 'view', '384', '385');
INSERT INTO `acos` VALUES ('236', '234', null, null, 'admin_index', '386', '387');
INSERT INTO `acos` VALUES ('237', '234', null, null, 'admin_add', '388', '389');
INSERT INTO `acos` VALUES ('238', '234', null, null, 'admin_edit', '390', '391');
INSERT INTO `acos` VALUES ('239', '234', null, null, 'admin_delete', '392', '393');
INSERT INTO `acos` VALUES ('241', '234', null, null, 'admin_link', '394', '395');
INSERT INTO `acos` VALUES ('242', '234', null, null, 'index', '396', '397');
INSERT INTO `acos` VALUES ('243', '234', null, null, 'slug', '398', '399');
INSERT INTO `acos` VALUES ('244', '1', null, null, 'News', '402', '425');
INSERT INTO `acos` VALUES ('245', '244', null, null, 'News', '403', '424');
INSERT INTO `acos` VALUES ('246', '245', null, null, 'admin_link', '404', '405');
INSERT INTO `acos` VALUES ('247', '245', null, null, 'index', '406', '407');
INSERT INTO `acos` VALUES ('248', '245', null, null, 'view', '408', '409');
INSERT INTO `acos` VALUES ('249', '245', null, null, 'admin_index', '410', '411');
INSERT INTO `acos` VALUES ('250', '245', null, null, 'admin_add', '412', '413');
INSERT INTO `acos` VALUES ('251', '245', null, null, 'admin_edit', '414', '415');
INSERT INTO `acos` VALUES ('252', '245', null, null, 'admin_delete', '416', '417');
INSERT INTO `acos` VALUES ('253', '245', null, null, 'slug', '418', '419');
INSERT INTO `acos` VALUES ('254', '245', null, null, 'getRecursive', '420', '421');
INSERT INTO `acos` VALUES ('255', '245', null, null, 'categories', '422', '423');
INSERT INTO `acos` VALUES ('256', '1', null, null, 'Products', '426', '449');
INSERT INTO `acos` VALUES ('257', '256', null, null, 'Products', '427', '448');
INSERT INTO `acos` VALUES ('259', '257', null, null, 'index', '428', '429');
INSERT INTO `acos` VALUES ('260', '257', null, null, 'view', '430', '431');
INSERT INTO `acos` VALUES ('261', '257', null, null, 'randomProduct', '432', '433');
INSERT INTO `acos` VALUES ('262', '257', null, null, 'listImage', '434', '435');
INSERT INTO `acos` VALUES ('263', '257', null, null, 'admin_index', '436', '437');
INSERT INTO `acos` VALUES ('264', '257', null, null, 'admin_add', '438', '439');
INSERT INTO `acos` VALUES ('265', '257', null, null, 'admin_edit', '440', '441');
INSERT INTO `acos` VALUES ('266', '257', null, null, 'admin_delete', '442', '443');
INSERT INTO `acos` VALUES ('267', '257', null, null, 'slug', '444', '445');
INSERT INTO `acos` VALUES ('268', '257', null, null, 'getRecursive', '446', '447');
INSERT INTO `acos` VALUES ('269', '1', null, null, 'Support', '450', '461');
INSERT INTO `acos` VALUES ('270', '269', null, null, 'Support', '451', '460');
INSERT INTO `acos` VALUES ('271', '270', null, null, 'admin_index', '452', '453');
INSERT INTO `acos` VALUES ('272', '270', null, null, 'admin_add', '454', '455');
INSERT INTO `acos` VALUES ('273', '270', null, null, 'admin_edit', '456', '457');
INSERT INTO `acos` VALUES ('274', '270', null, null, 'admin_delete', '458', '459');
INSERT INTO `acos` VALUES ('275', '1', null, null, 'Customer', '462', '477');
INSERT INTO `acos` VALUES ('276', '275', null, null, 'Customer', '463', '476');
INSERT INTO `acos` VALUES ('277', '276', null, null, 'index', '464', '465');
INSERT INTO `acos` VALUES ('278', '276', null, null, 'admin_index', '466', '467');
INSERT INTO `acos` VALUES ('279', '276', null, null, 'admin_add', '468', '469');
INSERT INTO `acos` VALUES ('280', '276', null, null, 'admin_edit', '470', '471');
INSERT INTO `acos` VALUES ('281', '276', null, null, 'admin_delete', '472', '473');
INSERT INTO `acos` VALUES ('282', '276', null, null, 'slug', '474', '475');

-- ----------------------------
-- Table structure for `aros`
-- ----------------------------
DROP TABLE IF EXISTS `aros`;
CREATE TABLE `aros` (
  `id` int(10) NOT NULL AUTO_INCREMENT,
  `parent_id` int(10) DEFAULT NULL,
  `model` varchar(255) COLLATE utf8_unicode_ci DEFAULT NULL,
  `foreign_key` int(10) DEFAULT NULL,
  `alias` varchar(255) COLLATE utf8_unicode_ci DEFAULT NULL,
  `lft` int(10) DEFAULT NULL,
  `rght` int(10) DEFAULT NULL,
  PRIMARY KEY (`id`)
) ENGINE=InnoDB AUTO_INCREMENT=5 DEFAULT CHARSET=utf8 COLLATE=utf8_unicode_ci;

-- ----------------------------
-- Records of aros
-- ----------------------------
INSERT INTO `aros` VALUES ('1', '2', 'Role', '1', 'Role-admin', '3', '6');
INSERT INTO `aros` VALUES ('2', '3', 'Role', '2', 'Role-registered', '2', '7');
INSERT INTO `aros` VALUES ('3', null, 'Role', '3', 'Role-public', '1', '8');
INSERT INTO `aros` VALUES ('4', '1', 'User', '1', 'admin', '4', '5');

-- ----------------------------
-- Table structure for `aros_acos`
-- ----------------------------
DROP TABLE IF EXISTS `aros_acos`;
CREATE TABLE `aros_acos` (
  `id` int(10) NOT NULL AUTO_INCREMENT,
  `aro_id` int(10) NOT NULL,
  `aco_id` int(10) NOT NULL,
  `_create` varchar(2) COLLATE utf8_unicode_ci NOT NULL DEFAULT '0',
  `_read` varchar(2) COLLATE utf8_unicode_ci NOT NULL DEFAULT '0',
  `_update` varchar(2) COLLATE utf8_unicode_ci NOT NULL DEFAULT '0',
  `_delete` varchar(2) COLLATE utf8_unicode_ci NOT NULL DEFAULT '0',
  PRIMARY KEY (`id`)
) ENGINE=InnoDB AUTO_INCREMENT=106 DEFAULT CHARSET=utf8 COLLATE=utf8_unicode_ci;

-- ----------------------------
-- Records of aros_acos
-- ----------------------------
INSERT INTO `aros_acos` VALUES ('1', '2', '23', '1', '1', '1', '1');
INSERT INTO `aros_acos` VALUES ('2', '2', '22', '1', '1', '1', '1');
INSERT INTO `aros_acos` VALUES ('3', '2', '21', '1', '1', '1', '1');
INSERT INTO `aros_acos` VALUES ('4', '3', '21', '1', '1', '1', '1');
INSERT INTO `aros_acos` VALUES ('5', '3', '22', '1', '1', '1', '1');
INSERT INTO `aros_acos` VALUES ('6', '2', '29', '1', '1', '1', '1');
INSERT INTO `aros_acos` VALUES ('7', '3', '29', '1', '1', '1', '1');
INSERT INTO `aros_acos` VALUES ('8', '2', '77', '1', '1', '1', '1');
INSERT INTO `aros_acos` VALUES ('9', '2', '78', '1', '1', '1', '1');
INSERT INTO `aros_acos` VALUES ('10', '2', '79', '1', '1', '1', '1');
INSERT INTO `aros_acos` VALUES ('11', '2', '80', '1', '1', '1', '1');
INSERT INTO `aros_acos` VALUES ('12', '2', '81', '1', '1', '1', '1');
INSERT INTO `aros_acos` VALUES ('13', '3', '77', '1', '1', '1', '1');
INSERT INTO `aros_acos` VALUES ('14', '3', '78', '1', '1', '1', '1');
INSERT INTO `aros_acos` VALUES ('15', '3', '79', '1', '1', '1', '1');
INSERT INTO `aros_acos` VALUES ('16', '3', '80', '1', '1', '1', '1');
INSERT INTO `aros_acos` VALUES ('17', '3', '81', '1', '1', '1', '1');
INSERT INTO `aros_acos` VALUES ('18', '2', '123', '1', '1', '1', '1');
INSERT INTO `aros_acos` VALUES ('19', '3', '124', '1', '1', '1', '1');
INSERT INTO `aros_acos` VALUES ('20', '3', '125', '1', '1', '1', '1');
INSERT INTO `aros_acos` VALUES ('21', '2', '126', '1', '1', '1', '1');
INSERT INTO `aros_acos` VALUES ('22', '3', '127', '1', '1', '1', '1');
INSERT INTO `aros_acos` VALUES ('23', '3', '128', '1', '1', '1', '1');
INSERT INTO `aros_acos` VALUES ('24', '3', '129', '1', '1', '1', '1');
INSERT INTO `aros_acos` VALUES ('25', '2', '130', '1', '1', '1', '1');
INSERT INTO `aros_acos` VALUES ('26', '2', '131', '1', '1', '1', '1');
INSERT INTO `aros_acos` VALUES ('27', '3', '131', '1', '1', '1', '1');
INSERT INTO `aros_acos` VALUES ('28', '3', '187', '1', '1', '1', '1');
INSERT INTO `aros_acos` VALUES ('29', '2', '187', '1', '1', '1', '1');
INSERT INTO `aros_acos` VALUES ('30', '3', '191', '1', '1', '1', '1');
INSERT INTO `aros_acos` VALUES ('31', '2', '191', '1', '1', '1', '1');
INSERT INTO `aros_acos` VALUES ('32', '3', '195', '1', '1', '1', '1');
INSERT INTO `aros_acos` VALUES ('33', '2', '195', '1', '1', '1', '1');
INSERT INTO `aros_acos` VALUES ('34', '3', '199', '1', '1', '1', '1');
INSERT INTO `aros_acos` VALUES ('35', '2', '199', '1', '1', '1', '1');
INSERT INTO `aros_acos` VALUES ('36', '3', '203', '1', '1', '1', '1');
INSERT INTO `aros_acos` VALUES ('37', '2', '203', '1', '1', '1', '1');
INSERT INTO `aros_acos` VALUES ('38', '2', '220', '1', '1', '1', '1');
INSERT INTO `aros_acos` VALUES ('39', '3', '220', '1', '1', '1', '1');
INSERT INTO `aros_acos` VALUES ('40', '2', '166', '1', '1', '1', '1');
INSERT INTO `aros_acos` VALUES ('41', '2', '165', '1', '1', '1', '1');
INSERT INTO `aros_acos` VALUES ('42', '3', '165', '1', '1', '1', '1');
INSERT INTO `aros_acos` VALUES ('43', '3', '166', '1', '1', '1', '1');
INSERT INTO `aros_acos` VALUES ('44', '2', '164', '1', '1', '1', '1');
INSERT INTO `aros_acos` VALUES ('45', '3', '164', '1', '1', '1', '1');
INSERT INTO `aros_acos` VALUES ('46', '2', '239', '1', '1', '1', '1');
INSERT INTO `aros_acos` VALUES ('47', '2', '238', '1', '1', '1', '1');
INSERT INTO `aros_acos` VALUES ('48', '2', '237', '1', '1', '1', '1');
INSERT INTO `aros_acos` VALUES ('49', '2', '236', '1', '1', '1', '1');
INSERT INTO `aros_acos` VALUES ('50', '2', '235', '1', '1', '1', '1');
INSERT INTO `aros_acos` VALUES ('52', '2', '241', '1', '1', '1', '1');
INSERT INTO `aros_acos` VALUES ('53', '3', '242', '1', '1', '1', '1');
INSERT INTO `aros_acos` VALUES ('54', '2', '242', '1', '1', '1', '1');
INSERT INTO `aros_acos` VALUES ('55', '2', '243', '1', '1', '1', '1');
INSERT INTO `aros_acos` VALUES ('56', '3', '243', '1', '1', '1', '1');
INSERT INTO `aros_acos` VALUES ('57', '3', '241', '-1', '-1', '-1', '-1');
INSERT INTO `aros_acos` VALUES ('58', '3', '238', '-1', '-1', '-1', '-1');
INSERT INTO `aros_acos` VALUES ('59', '3', '247', '1', '1', '1', '1');
INSERT INTO `aros_acos` VALUES ('60', '3', '248', '1', '1', '1', '1');
INSERT INTO `aros_acos` VALUES ('61', '2', '246', '1', '1', '1', '1');
INSERT INTO `aros_acos` VALUES ('62', '2', '247', '1', '1', '1', '1');
INSERT INTO `aros_acos` VALUES ('63', '2', '248', '1', '1', '1', '1');
INSERT INTO `aros_acos` VALUES ('64', '2', '249', '1', '1', '1', '1');
INSERT INTO `aros_acos` VALUES ('65', '2', '250', '1', '1', '1', '1');
INSERT INTO `aros_acos` VALUES ('66', '2', '251', '1', '1', '1', '1');
INSERT INTO `aros_acos` VALUES ('67', '2', '252', '1', '1', '1', '1');
INSERT INTO `aros_acos` VALUES ('68', '2', '253', '1', '1', '1', '1');
INSERT INTO `aros_acos` VALUES ('69', '2', '255', '1', '1', '1', '1');
INSERT INTO `aros_acos` VALUES ('70', '2', '254', '1', '1', '1', '1');
INSERT INTO `aros_acos` VALUES ('71', '3', '255', '1', '1', '1', '1');
INSERT INTO `aros_acos` VALUES ('72', '3', '253', '1', '1', '1', '1');
INSERT INTO `aros_acos` VALUES ('73', '3', '252', '1', '1', '1', '1');
INSERT INTO `aros_acos` VALUES ('74', '3', '254', '1', '1', '1', '1');
INSERT INTO `aros_acos` VALUES ('75', '3', '251', '1', '1', '1', '1');
INSERT INTO `aros_acos` VALUES ('76', '3', '250', '1', '1', '1', '1');
INSERT INTO `aros_acos` VALUES ('77', '3', '235', '1', '1', '1', '1');
INSERT INTO `aros_acos` VALUES ('78', '3', '246', '1', '1', '1', '1');
INSERT INTO `aros_acos` VALUES ('79', '3', '249', '1', '1', '1', '1');
INSERT INTO `aros_acos` VALUES ('80', '3', '259', '1', '1', '1', '1');
INSERT INTO `aros_acos` VALUES ('81', '3', '260', '1', '1', '1', '1');
INSERT INTO `aros_acos` VALUES ('83', '2', '259', '1', '1', '1', '1');
INSERT INTO `aros_acos` VALUES ('84', '2', '261', '1', '1', '1', '1');
INSERT INTO `aros_acos` VALUES ('85', '2', '260', '1', '1', '1', '1');
INSERT INTO `aros_acos` VALUES ('86', '2', '262', '1', '1', '1', '1');
INSERT INTO `aros_acos` VALUES ('87', '2', '263', '1', '1', '1', '1');
INSERT INTO `aros_acos` VALUES ('88', '2', '264', '1', '1', '1', '1');
INSERT INTO `aros_acos` VALUES ('89', '2', '265', '1', '1', '1', '1');
INSERT INTO `aros_acos` VALUES ('90', '2', '266', '1', '1', '1', '1');
INSERT INTO `aros_acos` VALUES ('91', '2', '267', '1', '1', '1', '1');
INSERT INTO `aros_acos` VALUES ('92', '2', '268', '1', '1', '1', '1');
INSERT INTO `aros_acos` VALUES ('93', '3', '261', '1', '1', '1', '1');
INSERT INTO `aros_acos` VALUES ('94', '3', '262', '1', '1', '1', '1');
INSERT INTO `aros_acos` VALUES ('95', '3', '267', '1', '1', '1', '1');
INSERT INTO `aros_acos` VALUES ('96', '3', '268', '1', '1', '1', '1');
INSERT INTO `aros_acos` VALUES ('97', '2', '167', '1', '1', '1', '1');
INSERT INTO `aros_acos` VALUES ('98', '2', '163', '1', '1', '1', '1');
INSERT INTO `aros_acos` VALUES ('99', '3', '277', '1', '1', '1', '1');
INSERT INTO `aros_acos` VALUES ('100', '2', '278', '1', '1', '1', '1');
INSERT INTO `aros_acos` VALUES ('101', '2', '280', '1', '1', '1', '1');
INSERT INTO `aros_acos` VALUES ('102', '2', '281', '1', '1', '1', '1');
INSERT INTO `aros_acos` VALUES ('103', '3', '282', '1', '1', '1', '1');
INSERT INTO `aros_acos` VALUES ('104', '2', '282', '-1', '-1', '-1', '-1');
INSERT INTO `aros_acos` VALUES ('105', '2', '279', '1', '1', '1', '1');

-- ----------------------------
-- Table structure for `blocks`
-- ----------------------------
DROP TABLE IF EXISTS `blocks`;
CREATE TABLE `blocks` (
  `id` int(20) NOT NULL AUTO_INCREMENT,
  `region_id` int(20) DEFAULT NULL,
  `title` varchar(100) COLLATE utf8_unicode_ci NOT NULL,
  `alias` varchar(100) COLLATE utf8_unicode_ci DEFAULT NULL,
  `body` text COLLATE utf8_unicode_ci NOT NULL,
  `show_title` tinyint(1) NOT NULL DEFAULT '1',
  `class` varchar(255) COLLATE utf8_unicode_ci DEFAULT NULL,
  `status` tinyint(1) NOT NULL DEFAULT '0',
  `weight` int(11) DEFAULT NULL,
  `element` varchar(255) COLLATE utf8_unicode_ci DEFAULT NULL,
  `visibility_roles` text COLLATE utf8_unicode_ci,
  `visibility_paths` text COLLATE utf8_unicode_ci,
  `visibility_php` text COLLATE utf8_unicode_ci,
  `params` text COLLATE utf8_unicode_ci,
  `updated` datetime NOT NULL,
  `created` datetime NOT NULL,
  PRIMARY KEY (`id`),
  UNIQUE KEY `block_alias` (`alias`)
) ENGINE=InnoDB AUTO_INCREMENT=19 DEFAULT CHARSET=utf8 COLLATE=utf8_unicode_ci;

-- ----------------------------
-- Records of blocks
-- ----------------------------
INSERT INTO `blocks` VALUES ('3', '4', 'About', 'about', 'This is the content of your block. Can be modified in admin panel.', '1', '', '1', '2', '', '', '', '', '', '2009-12-20 03:07:39', '2009-07-26 17:13:14');
INSERT INTO `blocks` VALUES ('5', '4', 'Meta', 'meta', '[menu:meta]', '1', '', '1', '6', '', '', '', '', '', '2009-12-22 05:17:39', '2009-09-12 06:36:22');
INSERT INTO `blocks` VALUES ('6', '4', 'Blogroll', 'blogroll', '[menu:blogroll]', '1', '', '1', '4', '', '', '', '', '', '2009-12-20 03:07:33', '2009-09-12 23:33:27');
INSERT INTO `blocks` VALUES ('7', '4', 'Categories', 'categories', '[vocabulary:categories type=\"blog\"]', '1', '', '1', '3', '', '', '', '', '', '2009-12-20 03:07:36', '2009-10-03 16:52:50');
INSERT INTO `blocks` VALUES ('8', '4', 'Search', 'search', '', '0', '', '1', '1', 'Nodes.search', '', '', '', '', '2009-12-20 03:07:39', '2009-12-20 03:07:27');
INSERT INTO `blocks` VALUES ('9', '4', 'Recent Posts', 'recent_posts', '[node:recent_posts conditions=\"Node.type:blog\" order=\"Node.id DESC\" limit=\"5\"]', '1', '', '1', '5', '', '', '', '', '', '2010-04-08 21:09:31', '2009-12-22 05:17:32');
INSERT INTO `blocks` VALUES ('10', '19', 'BLK - LS Menu Footer', 'blk-ls-menu-footer', '[menu:main]', '0', '', '1', null, '', '', '', null, '', '2013-04-23 05:19:35', '2013-04-23 04:12:15');
INSERT INTO `blocks` VALUES ('11', '20', 'BLK - LS Contact Footer', 'blk-ls-contact-footer', '[element:footer-contact]', '0', '', '1', null, '', '', '', null, '', '2013-04-23 05:19:49', '2013-04-23 04:29:27');
INSERT INTO `blocks` VALUES ('12', '21', 'BLK - LS Linked Footer', 'blk-ls-linked-footer', '[menu:mn-ls-menu-footer]', '0', '', '1', null, '', '', '', null, '', '2013-04-23 04:55:24', '2013-04-23 04:50:29');
INSERT INTO `blocks` VALUES ('13', '22', 'BLK - LS Menu Footer', 'blk-ls-statistic-footer', '[element:footer-statistic]', '0', '', '1', null, '', '', '', null, '', '2013-04-23 05:13:14', '2013-04-23 05:13:14');
INSERT INTO `blocks` VALUES ('14', '26', 'BLK - LS Product Category', 'blk-ls-product-category', '[menu:mn-ls-product-category]', '0', '', '1', null, '', '', '', null, '', '2013-04-23 06:47:17', '2013-04-23 05:28:19');
INSERT INTO `blocks` VALUES ('15', '27', 'BLK - LS Service Category', 'blk-ls-service-category', '[menu:mn-ls-service]', '0', '', '1', null, '', '', '', null, '', '2013-04-23 06:53:27', '2013-04-23 05:59:07');
INSERT INTO `blocks` VALUES ('16', '25', 'BLK - LS Header Contact', 'blk-ls-header-contact', '[element:header-contact]', '0', '', '1', null, '', '', '', null, '', '2013-04-23 06:21:14', '2013-04-23 06:19:06');
INSERT INTO `blocks` VALUES ('17', '28', 'BLK - LS Service Relative', 'blk-ls-service-relative', '', '0', '', '1', null, '', '', '', null, '', '2013-04-23 11:19:05', '2013-04-23 11:05:07');
INSERT INTO `blocks` VALUES ('18', '3', 'BLK - LS News Relative', 'blk-ls-news-relative', '[node:news_relative conditions=\"Node.type:page;Node.status:1;Node.parent_id:11\" order=\"Node.id DESC\" limit=\"5\"]', '0', '', '1', null, '', '', '', null, '', '2013-04-23 11:20:01', '2013-04-23 11:20:01');

-- ----------------------------
-- Table structure for `comments`
-- ----------------------------
DROP TABLE IF EXISTS `comments`;
CREATE TABLE `comments` (
  `id` int(20) NOT NULL AUTO_INCREMENT,
  `parent_id` int(20) DEFAULT NULL,
  `node_id` int(20) NOT NULL,
  `user_id` int(20) NOT NULL DEFAULT '0',
  `name` varchar(50) COLLATE utf8_unicode_ci DEFAULT NULL,
  `email` varchar(100) COLLATE utf8_unicode_ci DEFAULT NULL,
  `website` varchar(200) COLLATE utf8_unicode_ci DEFAULT NULL,
  `ip` varchar(100) COLLATE utf8_unicode_ci DEFAULT NULL,
  `title` varchar(255) COLLATE utf8_unicode_ci DEFAULT NULL,
  `body` text COLLATE utf8_unicode_ci NOT NULL,
  `rating` int(11) DEFAULT NULL,
  `status` tinyint(1) NOT NULL DEFAULT '0',
  `notify` tinyint(1) NOT NULL DEFAULT '0',
  `type` varchar(100) COLLATE utf8_unicode_ci NOT NULL,
  `comment_type` varchar(100) COLLATE utf8_unicode_ci NOT NULL DEFAULT 'comment',
  `lft` int(11) DEFAULT NULL,
  `rght` int(11) DEFAULT NULL,
  `updated` datetime NOT NULL,
  `created` datetime NOT NULL,
  PRIMARY KEY (`id`)
) ENGINE=InnoDB AUTO_INCREMENT=2 DEFAULT CHARSET=utf8 COLLATE=utf8_unicode_ci;

-- ----------------------------
-- Records of comments
-- ----------------------------
INSERT INTO `comments` VALUES ('1', null, '1', '0', 'Mr Croogo', 'email@example.com', 'http://www.croogo.org', '127.0.0.1', '', 'Hi, this is the first comment.', null, '1', '0', 'blog', 'comment', '1', '2', '2009-12-25 12:00:00', '2009-12-25 12:00:00');

-- ----------------------------
-- Table structure for `contacts`
-- ----------------------------
DROP TABLE IF EXISTS `contacts`;
CREATE TABLE `contacts` (
  `id` int(11) NOT NULL AUTO_INCREMENT,
  `title` varchar(255) COLLATE utf8_unicode_ci NOT NULL,
  `alias` varchar(255) COLLATE utf8_unicode_ci NOT NULL,
  `body` text COLLATE utf8_unicode_ci,
  `name` varchar(255) COLLATE utf8_unicode_ci DEFAULT NULL,
  `position` varchar(255) COLLATE utf8_unicode_ci DEFAULT NULL,
  `address` text COLLATE utf8_unicode_ci,
  `address2` text COLLATE utf8_unicode_ci,
  `state` varchar(100) COLLATE utf8_unicode_ci DEFAULT NULL,
  `country` varchar(100) COLLATE utf8_unicode_ci DEFAULT NULL,
  `postcode` varchar(100) COLLATE utf8_unicode_ci DEFAULT NULL,
  `phone` varchar(255) COLLATE utf8_unicode_ci DEFAULT NULL,
  `fax` varchar(255) COLLATE utf8_unicode_ci DEFAULT NULL,
  `email` varchar(100) COLLATE utf8_unicode_ci DEFAULT NULL,
  `message_status` tinyint(1) NOT NULL DEFAULT '1',
  `message_archive` tinyint(1) NOT NULL DEFAULT '1',
  `message_count` int(11) NOT NULL DEFAULT '0',
  `message_spam_protection` tinyint(1) NOT NULL DEFAULT '0',
  `message_captcha` tinyint(1) NOT NULL DEFAULT '0',
  `message_notify` tinyint(1) NOT NULL DEFAULT '1',
  `status` tinyint(1) NOT NULL DEFAULT '1',
  `updated` datetime NOT NULL,
  `created` datetime NOT NULL,
  PRIMARY KEY (`id`)
) ENGINE=InnoDB AUTO_INCREMENT=34 DEFAULT CHARSET=utf8 COLLATE=utf8_unicode_ci;

-- ----------------------------
-- Records of contacts
-- ----------------------------
INSERT INTO `contacts` VALUES ('1', 'Contact', 'contact', '', '', '', '', '', '', '', '', '', '', 'you@your-site.com', '1', '0', '0', '0', '0', '1', '1', '2009-10-07 22:07:49', '2009-09-16 01:45:17');
INSERT INTO `contacts` VALUES ('11', 'aaaaa', '', 'aaaaa', 'aaaaaa', null, null, null, null, null, null, null, null, 'khoi@mailinator.com', '1', '1', '0', '0', '0', '1', '1', '2013-04-24 09:44:11', '2013-04-24 09:44:11');
INSERT INTO `contacts` VALUES ('16', 'erwe', '', 'werw', 'rwer', null, null, null, null, null, null, null, null, 'wer@gmail.com', '1', '1', '0', '0', '0', '1', '1', '2013-04-24 10:15:56', '2013-04-24 10:15:56');
INSERT INTO `contacts` VALUES ('31', 'dsf', '', 'sdfdsf', 'sdfdsf', null, null, null, null, null, null, null, null, 'acblsd@gmail.com', '1', '1', '0', '0', '0', '1', '1', '2013-04-27 13:49:26', '2013-04-27 13:49:26');
INSERT INTO `contacts` VALUES ('32', 'a', '', 'lkdlfs', 'abcd', null, null, null, null, null, null, null, null, 'abcd@mailinator.com', '1', '1', '0', '0', '0', '1', '1', '2013-05-02 22:22:19', '2013-05-02 22:22:19');
INSERT INTO `contacts` VALUES ('33', 'gui cai coi', '', 'kok', 'ok', null, null, null, null, null, null, null, null, 'abcd@mailinator.com', '1', '1', '0', '0', '0', '1', '1', '2013-05-03 16:03:09', '2013-05-03 16:03:09');

-- ----------------------------
-- Table structure for `counters`
-- ----------------------------
DROP TABLE IF EXISTS `counters`;
CREATE TABLE `counters` (
  `id` int(11) NOT NULL AUTO_INCREMENT,
  `ip_address` varchar(15) COLLATE utf8_unicode_ci DEFAULT NULL,
  `last_visit` timestamp NULL DEFAULT CURRENT_TIMESTAMP ON UPDATE CURRENT_TIMESTAMP,
  PRIMARY KEY (`id`)
) ENGINE=InnoDB AUTO_INCREMENT=232 DEFAULT CHARSET=utf8 COLLATE=utf8_unicode_ci;

-- ----------------------------
-- Records of counters
-- ----------------------------
INSERT INTO `counters` VALUES ('57', '127.0.0.1', '2013-04-25 11:19:31');
INSERT INTO `counters` VALUES ('58', '127.0.0.2', '2013-04-22 11:19:31');
INSERT INTO `counters` VALUES ('59', '127.0.0.1', '2013-04-25 11:34:37');
INSERT INTO `counters` VALUES ('60', '127.0.0.1', '2013-04-25 11:52:25');
INSERT INTO `counters` VALUES ('61', '127.0.0.1', '2013-04-25 12:33:36');
INSERT INTO `counters` VALUES ('62', '127.0.0.1', '2013-04-25 13:18:47');
INSERT INTO `counters` VALUES ('63', '127.0.0.1', '2013-04-25 13:33:54');
INSERT INTO `counters` VALUES ('64', '127.0.0.1', '2013-04-25 13:49:06');
INSERT INTO `counters` VALUES ('65', '127.0.0.1', '2013-04-25 14:04:15');
INSERT INTO `counters` VALUES ('66', '127.0.0.1', '2013-04-25 14:20:44');
INSERT INTO `counters` VALUES ('67', '127.0.0.1', '2013-04-25 15:13:41');
INSERT INTO `counters` VALUES ('68', '127.0.0.1', '2013-04-25 15:29:31');
INSERT INTO `counters` VALUES ('69', '127.0.0.1', '2013-04-25 15:45:01');
INSERT INTO `counters` VALUES ('70', '127.0.0.1', '2013-04-25 16:00:09');
INSERT INTO `counters` VALUES ('71', '127.0.0.1', '2013-04-25 16:15:14');
INSERT INTO `counters` VALUES ('72', '127.0.0.1', '2013-04-25 16:30:36');
INSERT INTO `counters` VALUES ('73', '127.0.0.1', '2013-04-25 16:45:45');
INSERT INTO `counters` VALUES ('74', '127.0.0.1', '2013-04-25 17:14:48');
INSERT INTO `counters` VALUES ('75', '127.0.0.1', '2013-04-25 19:07:21');
INSERT INTO `counters` VALUES ('76', '127.0.0.1', '2013-04-25 19:49:43');
INSERT INTO `counters` VALUES ('77', '127.0.0.1', '2013-04-25 21:53:26');
INSERT INTO `counters` VALUES ('78', '127.0.0.1', '2013-04-25 22:14:13');
INSERT INTO `counters` VALUES ('79', '127.0.0.1', '2013-04-25 22:29:16');
INSERT INTO `counters` VALUES ('80', '127.0.0.1', '2013-04-25 22:44:17');
INSERT INTO `counters` VALUES ('81', '127.0.0.1', '2013-04-25 23:11:49');
INSERT INTO `counters` VALUES ('82', '127.0.0.1', '2013-04-25 23:27:06');
INSERT INTO `counters` VALUES ('83', '127.0.0.1', '2013-04-25 23:42:43');
INSERT INTO `counters` VALUES ('84', '127.0.0.1', '2013-04-26 00:00:34');
INSERT INTO `counters` VALUES ('85', '127.0.0.1', '2013-04-26 00:20:20');
INSERT INTO `counters` VALUES ('86', '127.0.0.1', '2013-04-26 00:35:20');
INSERT INTO `counters` VALUES ('87', '127.0.0.1', '2013-04-26 00:50:28');
INSERT INTO `counters` VALUES ('88', '127.0.0.1', '2013-04-26 01:06:36');
INSERT INTO `counters` VALUES ('89', '127.0.0.1', '2013-04-26 01:22:05');
INSERT INTO `counters` VALUES ('90', '127.0.0.1', '2013-04-26 01:37:15');
INSERT INTO `counters` VALUES ('91', '127.0.0.1', '2013-04-26 20:39:01');
INSERT INTO `counters` VALUES ('92', '127.0.0.1', '2013-04-26 22:04:36');
INSERT INTO `counters` VALUES ('93', '127.0.0.1', '2013-04-26 22:33:54');
INSERT INTO `counters` VALUES ('94', '127.0.0.1', '2013-04-27 11:41:23');
INSERT INTO `counters` VALUES ('95', '127.0.0.1', '2013-04-27 12:08:25');
INSERT INTO `counters` VALUES ('96', '127.0.0.1', '2013-04-27 13:49:13');
INSERT INTO `counters` VALUES ('97', '127.0.0.1', '2013-04-27 14:15:57');
INSERT INTO `counters` VALUES ('98', '127.0.0.1', '2013-04-27 15:58:58');
INSERT INTO `counters` VALUES ('99', '127.0.0.1', '2013-04-27 23:23:59');
INSERT INTO `counters` VALUES ('100', '127.0.0.1', '2013-04-27 23:44:18');
INSERT INTO `counters` VALUES ('101', '127.0.0.1', '2013-04-28 00:12:38');
INSERT INTO `counters` VALUES ('102', '127.0.0.1', '2013-04-28 00:37:46');
INSERT INTO `counters` VALUES ('103', '127.0.0.1', '2013-04-28 01:33:51');
INSERT INTO `counters` VALUES ('104', '127.0.0.1', '2013-04-28 07:00:20');
INSERT INTO `counters` VALUES ('105', '127.0.0.1', '2013-04-28 10:17:38');
INSERT INTO `counters` VALUES ('106', '127.0.0.1', '2013-04-28 10:50:46');
INSERT INTO `counters` VALUES ('107', '127.0.0.1', '2013-04-28 11:07:51');
INSERT INTO `counters` VALUES ('108', '127.0.0.1', '2013-04-28 15:22:30');
INSERT INTO `counters` VALUES ('109', '127.0.0.1', '2013-04-28 15:50:52');
INSERT INTO `counters` VALUES ('110', '127.0.0.1', '2013-04-28 16:19:41');
INSERT INTO `counters` VALUES ('111', '127.0.0.1', '2013-04-28 16:35:09');
INSERT INTO `counters` VALUES ('112', '127.0.0.1', '2013-04-28 16:50:17');
INSERT INTO `counters` VALUES ('113', '127.0.0.1', '2013-04-28 19:08:10');
INSERT INTO `counters` VALUES ('114', '127.0.0.1', '2013-04-29 11:28:35');
INSERT INTO `counters` VALUES ('115', '127.0.0.1', '2013-04-29 11:45:04');
INSERT INTO `counters` VALUES ('116', '127.0.0.1', '2013-04-29 13:48:36');
INSERT INTO `counters` VALUES ('117', '127.0.0.1', '2013-04-29 17:09:35');
INSERT INTO `counters` VALUES ('118', '127.0.0.1', '2013-04-29 20:34:29');
INSERT INTO `counters` VALUES ('119', '127.0.0.1', '2013-04-29 20:34:29');
INSERT INTO `counters` VALUES ('120', '127.0.0.1', '2013-04-29 22:28:41');
INSERT INTO `counters` VALUES ('121', '127.0.0.1', '2013-04-29 22:43:41');
INSERT INTO `counters` VALUES ('122', '127.0.0.1', '2013-04-29 22:58:46');
INSERT INTO `counters` VALUES ('123', '127.0.0.1', '2013-04-29 23:13:49');
INSERT INTO `counters` VALUES ('124', '127.0.0.1', '2013-04-29 23:29:34');
INSERT INTO `counters` VALUES ('125', '127.0.0.1', '2013-04-30 00:38:55');
INSERT INTO `counters` VALUES ('126', '127.0.0.1', '2013-04-30 00:56:01');
INSERT INTO `counters` VALUES ('127', '127.0.0.1', '2013-04-30 01:11:02');
INSERT INTO `counters` VALUES ('128', '127.0.0.1', '2013-04-30 01:45:30');
INSERT INTO `counters` VALUES ('129', '127.0.0.1', '2013-04-30 13:16:52');
INSERT INTO `counters` VALUES ('130', '127.0.0.1', '2013-04-30 14:14:21');
INSERT INTO `counters` VALUES ('131', '127.0.0.1', '2013-04-30 21:11:33');
INSERT INTO `counters` VALUES ('132', '127.0.0.1', '2013-04-30 21:26:38');
INSERT INTO `counters` VALUES ('133', '127.0.0.1', '2013-05-01 00:35:16');
INSERT INTO `counters` VALUES ('134', '127.0.0.1', '2013-05-01 01:05:37');
INSERT INTO `counters` VALUES ('135', '127.0.0.1', '2013-05-01 01:55:07');
INSERT INTO `counters` VALUES ('136', '127.0.0.1', '2013-05-01 02:11:00');
INSERT INTO `counters` VALUES ('137', '127.0.0.1', '2013-05-01 08:15:55');
INSERT INTO `counters` VALUES ('138', '127.0.0.1', '2013-05-01 11:17:08');
INSERT INTO `counters` VALUES ('139', '127.0.0.1', '2013-05-01 11:36:53');
INSERT INTO `counters` VALUES ('140', '127.0.0.1', '2013-05-01 11:53:05');
INSERT INTO `counters` VALUES ('141', '127.0.0.1', '2013-05-01 13:03:56');
INSERT INTO `counters` VALUES ('142', '127.0.0.1', '2013-05-01 13:19:48');
INSERT INTO `counters` VALUES ('143', '127.0.0.1', '2013-05-01 14:04:35');
INSERT INTO `counters` VALUES ('144', '127.0.0.1', '2013-05-01 14:19:39');
INSERT INTO `counters` VALUES ('145', '127.0.0.1', '2013-05-01 14:35:44');
INSERT INTO `counters` VALUES ('146', '127.0.0.1', '2013-05-01 14:51:46');
INSERT INTO `counters` VALUES ('147', '127.0.0.1', '2013-05-01 15:06:50');
INSERT INTO `counters` VALUES ('148', '127.0.0.1', '2013-05-01 15:21:50');
INSERT INTO `counters` VALUES ('149', '127.0.0.1', '2013-05-01 15:37:09');
INSERT INTO `counters` VALUES ('150', '127.0.0.1', '2013-05-01 15:52:14');
INSERT INTO `counters` VALUES ('151', '127.0.0.1', '2013-05-01 16:07:20');
INSERT INTO `counters` VALUES ('152', '127.0.0.1', '2013-05-01 16:22:21');
INSERT INTO `counters` VALUES ('153', '127.0.0.1', '2013-05-01 16:39:06');
INSERT INTO `counters` VALUES ('154', '127.0.0.1', '2013-05-01 16:54:07');
INSERT INTO `counters` VALUES ('155', '127.0.0.1', '2013-05-01 19:10:42');
INSERT INTO `counters` VALUES ('156', '127.0.0.1', '2013-05-01 20:41:46');
INSERT INTO `counters` VALUES ('157', '127.0.0.1', '2013-05-01 20:56:49');
INSERT INTO `counters` VALUES ('158', '127.0.0.1', '2013-05-02 10:53:51');
INSERT INTO `counters` VALUES ('159', '127.0.0.1', '2013-05-02 11:13:04');
INSERT INTO `counters` VALUES ('160', '127.0.0.1', '2013-05-02 11:31:38');
INSERT INTO `counters` VALUES ('161', '127.0.0.1', '2013-05-02 11:48:58');
INSERT INTO `counters` VALUES ('162', '127.0.0.1', '2013-05-02 12:39:42');
INSERT INTO `counters` VALUES ('163', '127.0.0.1', '2013-05-02 13:03:24');
INSERT INTO `counters` VALUES ('164', '127.0.0.1', '2013-05-02 13:18:30');
INSERT INTO `counters` VALUES ('165', '127.0.0.1', '2013-05-02 14:06:29');
INSERT INTO `counters` VALUES ('166', '127.0.0.1', '2013-05-02 14:24:08');
INSERT INTO `counters` VALUES ('167', '127.0.0.1', '2013-05-02 14:40:03');
INSERT INTO `counters` VALUES ('168', '127.0.0.1', '2013-05-02 14:55:04');
INSERT INTO `counters` VALUES ('169', '127.0.0.1', '2013-05-02 20:01:59');
INSERT INTO `counters` VALUES ('170', '127.0.0.1', '2013-05-02 20:16:59');
INSERT INTO `counters` VALUES ('171', '127.0.0.1', '2013-05-02 20:32:10');
INSERT INTO `counters` VALUES ('172', '127.0.0.1', '2013-05-02 21:45:52');
INSERT INTO `counters` VALUES ('173', '127.0.0.1', '2013-05-02 22:02:17');
INSERT INTO `counters` VALUES ('174', '127.0.0.1', '2013-05-02 22:17:23');
INSERT INTO `counters` VALUES ('175', '127.0.0.1', '2013-05-02 23:00:26');
INSERT INTO `counters` VALUES ('176', '127.0.0.1', '2013-05-02 23:17:05');
INSERT INTO `counters` VALUES ('177', '127.0.0.1', '2013-05-02 23:44:05');
INSERT INTO `counters` VALUES ('178', '127.0.0.1', '2013-05-03 08:50:33');
INSERT INTO `counters` VALUES ('179', '127.0.0.1', '2013-05-03 09:10:11');
INSERT INTO `counters` VALUES ('180', '127.0.0.1', '2013-05-03 09:25:50');
INSERT INTO `counters` VALUES ('181', '127.0.0.1', '2013-05-03 10:00:40');
INSERT INTO `counters` VALUES ('182', '127.0.0.1', '2013-05-03 10:16:51');
INSERT INTO `counters` VALUES ('183', '127.0.0.1', '2013-05-03 10:31:52');
INSERT INTO `counters` VALUES ('184', '127.0.0.1', '2013-05-03 10:58:46');
INSERT INTO `counters` VALUES ('185', '127.0.0.1', '2013-05-03 11:14:30');
INSERT INTO `counters` VALUES ('186', '127.0.0.1', '2013-05-03 11:29:32');
INSERT INTO `counters` VALUES ('187', '127.0.0.1', '2013-05-03 11:44:58');
INSERT INTO `counters` VALUES ('188', '127.0.0.1', '2013-05-03 13:03:07');
INSERT INTO `counters` VALUES ('189', '127.0.0.1', '2013-05-03 13:27:46');
INSERT INTO `counters` VALUES ('190', '127.0.0.1', '2013-05-03 13:42:55');
INSERT INTO `counters` VALUES ('191', '127.0.0.1', '2013-05-03 13:58:02');
INSERT INTO `counters` VALUES ('192', '127.0.0.1', '2013-05-03 14:17:21');
INSERT INTO `counters` VALUES ('193', '127.0.0.1', '2013-05-03 14:32:22');
INSERT INTO `counters` VALUES ('194', '127.0.0.1', '2013-05-03 15:23:36');
INSERT INTO `counters` VALUES ('195', '127.0.0.1', '2013-05-03 15:39:14');
INSERT INTO `counters` VALUES ('196', '127.0.0.1', '2013-05-03 15:54:15');
INSERT INTO `counters` VALUES ('197', '127.0.0.1', '2013-05-03 16:32:16');
INSERT INTO `counters` VALUES ('198', '127.0.0.1', '2013-05-03 16:48:42');
INSERT INTO `counters` VALUES ('199', '127.0.0.1', '2013-05-03 17:06:29');
INSERT INTO `counters` VALUES ('200', '127.0.0.1', '2013-05-03 19:59:25');
INSERT INTO `counters` VALUES ('201', '127.0.0.1', '2013-05-04 09:19:33');
INSERT INTO `counters` VALUES ('202', '127.0.0.1', '2013-05-04 10:30:30');
INSERT INTO `counters` VALUES ('203', '127.0.0.1', '2013-05-04 11:00:52');
INSERT INTO `counters` VALUES ('204', '127.0.0.1', '2013-05-04 13:45:28');
INSERT INTO `counters` VALUES ('205', '127.0.0.1', '2013-05-04 14:00:33');
INSERT INTO `counters` VALUES ('206', '127.0.0.1', '2013-05-04 14:15:48');
INSERT INTO `counters` VALUES ('207', '127.0.0.1', '2013-05-04 14:31:43');
INSERT INTO `counters` VALUES ('208', '127.0.0.1', '2013-05-04 20:16:18');
INSERT INTO `counters` VALUES ('209', '127.0.0.1', '2013-05-04 20:31:24');
INSERT INTO `counters` VALUES ('210', '127.0.0.1', '2013-05-04 20:46:39');
INSERT INTO `counters` VALUES ('211', '127.0.0.1', '2013-05-04 21:02:13');
INSERT INTO `counters` VALUES ('212', '127.0.0.1', '2013-05-04 23:58:58');
INSERT INTO `counters` VALUES ('213', '127.0.0.1', '2013-05-05 00:24:02');
INSERT INTO `counters` VALUES ('214', '127.0.0.1', '2013-05-05 18:44:12');
INSERT INTO `counters` VALUES ('215', '127.0.0.1', '2013-05-05 23:01:15');
INSERT INTO `counters` VALUES ('216', '127.0.0.1', '2013-05-09 07:18:06');
INSERT INTO `counters` VALUES ('217', '127.0.0.1', '2013-05-09 07:34:17');
INSERT INTO `counters` VALUES ('218', '127.0.0.1', '2013-05-11 23:28:38');
INSERT INTO `counters` VALUES ('219', '127.0.0.1', '2013-05-12 09:17:00');
INSERT INTO `counters` VALUES ('220', '127.0.0.1', '2013-05-12 09:50:09');
INSERT INTO `counters` VALUES ('221', '127.0.0.1', '2013-05-12 10:11:02');
INSERT INTO `counters` VALUES ('222', '127.0.0.1', '2013-05-12 10:27:57');
INSERT INTO `counters` VALUES ('223', '127.0.0.1', '2013-05-12 10:43:14');
INSERT INTO `counters` VALUES ('224', '127.0.0.1', '2013-05-12 11:25:38');
INSERT INTO `counters` VALUES ('225', '127.0.0.1', '2013-05-12 11:40:38');
INSERT INTO `counters` VALUES ('226', '127.0.0.1', '2013-05-12 12:01:43');
INSERT INTO `counters` VALUES ('227', '127.0.0.1', '2013-05-12 12:21:32');
INSERT INTO `counters` VALUES ('228', '127.0.0.1', '2013-05-12 12:37:58');
INSERT INTO `counters` VALUES ('229', '127.0.0.1', '2013-05-12 12:53:08');
INSERT INTO `counters` VALUES ('230', '127.0.0.1', '2013-05-12 13:08:19');
INSERT INTO `counters` VALUES ('231', '127.0.0.1', '2013-05-12 13:45:43');

-- ----------------------------
-- Table structure for `customers`
-- ----------------------------
DROP TABLE IF EXISTS `customers`;
CREATE TABLE `customers` (
  `id` int(11) NOT NULL AUTO_INCREMENT,
  `title` varchar(255) COLLATE utf8_unicode_ci DEFAULT NULL,
  `excerpt` text COLLATE utf8_unicode_ci,
  `description` text COLLATE utf8_unicode_ci,
  `images` varchar(255) COLLATE utf8_unicode_ci DEFAULT NULL,
  `slug` varchar(255) COLLATE utf8_unicode_ci DEFAULT NULL,
  `path` varchar(255) COLLATE utf8_unicode_ci DEFAULT NULL,
  `parent` tinyint(1) DEFAULT '1',
  `updated` datetime DEFAULT NULL,
  `created` datetime DEFAULT NULL,
  `status` tinyint(1) DEFAULT '1',
  PRIMARY KEY (`id`)
) ENGINE=InnoDB AUTO_INCREMENT=41 DEFAULT CHARSET=utf8 COLLATE=utf8_unicode_ci;

-- ----------------------------
-- Records of customers
-- ----------------------------
INSERT INTO `customers` VALUES ('1', 'Khch hng', null, '', '', 'khach-hang', '/khac-hang.html', '0', '2000-00-00 14:32:37', '2000-05-01 14:32:37', '1');
INSERT INTO `customers` VALUES ('35', 'Cng ty TNHH Bt La Hua Xing Vit Nam.', null, '<p><strong>Ng&agrave;nh ngh SX KD: </strong> <span class=\"textbody\">Kinh doanh bt la, khu&ocirc;n mu, linh kin bng ng kim.</span></p>\r\n<p><strong>a ch: </strong> <span class=\"textbody\">Khu ch xut Linh Trung III - Trng B&agrave;ng - T&acirc;y Ninh.</span></p>', '/uploads/vegetables_fruits_1x.png', 'cong-ty-tnhh-bat-lua-hua-xing-viet-nam', '/khach-hang/cong-ty-tnhh-bat-lua-hua-xing-viet-nam-35.html', '1', '2013-05-12 12:43:51', '2013-04-29 21:32:54', '1');
INSERT INTO `customers` VALUES ('36', 'Cng ty c phn u t Xy dng v Pht trin t Xanh', null, '<p>C&ocirc;ng ty c th&agrave;nh lp ng&agrave;y 07/05/2001 &atilde; v&agrave; ang ph&aacute;t trin mnh m   trong lnh vc in n v&agrave; thit k chuy&ecirc;n nghip. Sn xut trc tip n   tay ngi s dng v&agrave; c kh&aacute;ch h&agrave;ng t&iacute;n nhim.</p>\r\n<p><strong>a ch:</strong> 159/13 Bch ng, P.2, Q.T&acirc;n B&igrave;nh, TPHCM</p>\r\n<p><strong>Tel:</strong> 08.6289 7256 - <strong>Fax:</strong> 08.6289 7256 - <strong>Email:</strong> <a href=\"mailto:info@vietsol.net\">info@vietsol.net</a> - <strong>Website:</strong> <a href=\"http://www.congtyvietin.vn/www.datxanh.com.vn\">www.datxanh.com.vn</a></p>', '/uploads/wip_f100_wrecker_textured_1x.jpg', 'cong-ty-co-phan-dau-tu-xay-dung-va-phat-trien-dat-xanh', '/khach-hang/cong-ty-co-phan-dau-tu-xay-dung-va-phat-trien-dat-xanh-36.html', '1', '2013-05-12 12:46:32', '2013-04-29 22:26:55', '1');
INSERT INTO `customers` VALUES ('37', 'Doanh Nghip T Nhn Bnh Ko  CHU', null, '<p><strong>a Ch:</strong> 545 Kinh Dng Vng - P. An Lc, Q. B&igrave;nh T&acirc;n, TP. HCM</p>\r\n<p><strong>inThoi:</strong> 84.8.7 520 857 <strong>Fax:</strong>84.8.7520 858</p>\r\n<p><strong>E-mail:</strong> <a href=\"mailto:enquiry@abcbakery.com.vn\" target=\"_blank\">enquiry@abcbakery.com.vn</a></p>\r\n<p><strong>Website:</strong> <a href=\"http://www.abcbakery.com.vn/\" target=\"_blank\">http://www.abcbakery.com.vn</a></p>', '/uploads/grandmother-at-a-party_1x.jpg', 'doanh-nghiep-tu-nhan-banh-keo-a-chau', '/khach-hang/doanh-nghiep-tu-nhan-banh-keo-a-chau-37.html', '1', '2013-05-12 12:46:46', '2013-04-30 02:03:09', '1');
INSERT INTO `customers` VALUES ('38', 'CNG TY C PHN TN TN', null, '<p><strong>a ch:</strong> 32C p Ni H&oacute;a, X&atilde; B&igrave;nh An, Huyn D An, Tnh B&igrave;nh Dng, Vit Nam</p>\r\n<p><strong>in thoi:</strong> (84 - 650) 3781 968 - Fax: (84 - 650) 3781 928  <strong>&nbsp;</strong></p>\r\n<p><strong>Email:</strong> tantan.co@tantan.vn</p>', '/uploads/icon_fril_1x.png', 'cong-ty-co-phan-tan-tan', '/khach-hang/cong-ty-co-phan-tan-tan-38.html', '1', '2013-05-12 12:46:59', '2013-04-30 02:07:18', '1');
INSERT INTO `customers` VALUES ('39', 'Vasco\'s at the Cresent ', null, '<p><strong>Location:</strong> 103 Ton Dat Tien, Phu My Hung, D7, HCMC</p>\r\n<p><strong>Contact:</strong> +84 (8) 5414 1717&nbsp;   <a href=\"mailto:evita@vascosgroup.com\">vascosd7@vascosgroup.com&nbsp;</a></p>', '/uploads/thumb_1.jpg', 'vasco\'s-at-the-cresent-', '/khach-hang/vasco\'s-at-the-cresent--39.html', '1', '2013-05-12 12:47:12', '2013-04-30 02:09:35', '1');
INSERT INTO `customers` VALUES ('40', 'CTY TNHH C QUY CSB (VIT NAM)', null, '<p><strong>a ch: </strong>ng 4 KCN Nhn Trch 3, X&atilde; Hip Phc, Huyn Nhn Trch, ng Nai.</p>\r\n<p><strong>in thoi:</strong> <span class=\"skype_pnh_container\">(061)3569120</span></p>\r\n<p><strong>Ng&agrave;nh ngh: </strong>Pin - c Quy<strong>&nbsp;</strong></p>', '/uploads/thumb_17.jpg', 'cty-tnhh-ac-quy-csb-viet-nam', '/khach-hang/cty-tnhh-ac-quy-csb-viet-nam-40.html', '1', '2013-05-12 12:47:24', '2013-04-30 02:10:35', '1');

-- ----------------------------
-- Table structure for `i18n`
-- ----------------------------
DROP TABLE IF EXISTS `i18n`;
CREATE TABLE `i18n` (
  `id` int(10) NOT NULL AUTO_INCREMENT,
  `locale` varchar(6) COLLATE utf8_unicode_ci NOT NULL,
  `model` varchar(255) COLLATE utf8_unicode_ci NOT NULL,
  `foreign_key` int(10) NOT NULL,
  `field` varchar(255) COLLATE utf8_unicode_ci NOT NULL,
  `content` text COLLATE utf8_unicode_ci,
  PRIMARY KEY (`id`),
  KEY `locale` (`locale`),
  KEY `model` (`model`),
  KEY `row_id` (`foreign_key`),
  KEY `field` (`field`)
) ENGINE=InnoDB AUTO_INCREMENT=72 DEFAULT CHARSET=utf8 COLLATE=utf8_unicode_ci;

-- ----------------------------
-- Records of i18n
-- ----------------------------
INSERT INTO `i18n` VALUES ('18', 'vn', 'Link', '7', 'title', 'Trang ch');
INSERT INTO `i18n` VALUES ('19', 'vn', 'Link', '7', 'description', '');
INSERT INTO `i18n` VALUES ('20', 'eng', 'Link', '7', 'title', 'Home');
INSERT INTO `i18n` VALUES ('21', 'eng', 'Link', '7', 'description', '');
INSERT INTO `i18n` VALUES ('22', 'eng', 'Link', '8', 'title', 'About');
INSERT INTO `i18n` VALUES ('23', 'eng', 'Link', '8', 'description', '');
INSERT INTO `i18n` VALUES ('24', 'eng', 'Link', '20', 'title', 'Service');
INSERT INTO `i18n` VALUES ('25', 'eng', 'Link', '20', 'description', '');
INSERT INTO `i18n` VALUES ('26', 'eng', 'Link', '24', 'title', 'Product');
INSERT INTO `i18n` VALUES ('27', 'eng', 'Link', '24', 'description', '');
INSERT INTO `i18n` VALUES ('28', 'eng', 'Link', '25', 'title', 'Price');
INSERT INTO `i18n` VALUES ('29', 'eng', 'Link', '25', 'description', '');
INSERT INTO `i18n` VALUES ('30', 'eng', 'Link', '26', 'title', 'News');
INSERT INTO `i18n` VALUES ('31', 'eng', 'Link', '26', 'description', '');
INSERT INTO `i18n` VALUES ('32', 'eng', 'Link', '69', 'title', 'Contact');
INSERT INTO `i18n` VALUES ('33', 'eng', 'Link', '69', 'description', '');
INSERT INTO `i18n` VALUES ('34', 'eng', 'Node', '3', 'title', 'About');
INSERT INTO `i18n` VALUES ('35', 'eng', 'Node', '3', 'excerpt', 'TRANSLATE: Cho mng bn  n vi website Congtyvietin.vn!\r\nBn ang mun tm mt i tc in n chuyn nghip v ng tin cy  c th cng tc lu di vi gi c hp l?');
INSERT INTO `i18n` VALUES ('36', 'eng', 'Node', '3', 'body', '<p><strong><br />&nbsp;TRANSLATE: C&ocirc;ng ty In n Vit In</strong>&nbsp;c th&agrave;nh lp bi nhng chuy&ecirc;n gia y t&acirc;m huyt.&nbsp;Vit In ch&uacute;ng t&ocirc;i lu&ocirc;n quan t&acirc;m chm s&oacute;c h&igrave;nh nh thng hiu ca bn bi thng hiu l&agrave; t&agrave;i sn gi&aacute; tr nht m&agrave; bn c&oacute; c sau bao nhi&ecirc;u kh&oacute; khn g&acirc;y dng tr&ecirc;n thng trng. &oacute; l&agrave; s mnh y t h&agrave;o ca ch&uacute;ng t&ocirc;i.</p>\r\n<p>Ti Vit In, i ng ca ch&uacute;ng t&ocirc;i &atilde; c&oacute; nhiu kinh nghim  tt c c&aacute;c kh&acirc;u ca qu&aacute; tr&igrave;nh s&aacute;ng to t lp k hoch, thit k s&aacute;ng to, in n, sn xut chng tr&igrave;nh. T vic ph&aacute;t trin mt thng hiu th&agrave;nh c&ocirc;ng n vic to lp mt thng hiu s&aacute;ng to bt k y&ecirc;u cu ca bn ra sao, ch&uacute;ng t&ocirc;i u thc hin tt c&ocirc;ng vic ca m&igrave;nh.</p>\r\n<p>Qua nhiu nm hot ng c&aacute;c nh&acirc;n s ch cht ca ch&uacute;ng t&ocirc;i c&oacute; c nhiu kinh nghim l&agrave;m vic trong c&aacute;c lnh vc m thut ng dng, ho s thit k, m thut c&ocirc;ng nghip, ph&aacute;t trin website&hellip; Nhiu gii thng v t&iacute;nh s&aacute;ng to &atilde; t c bi c&aacute;c ha s v&agrave; chuy&ecirc;n vi&ecirc;n thit k.&nbsp;Ch&uacute;ng t&ocirc;i hiu r&otilde; gi&aacute; tr ca thng hiu v&agrave; nhng gii ph&aacute;p hiu qu y s&aacute;ng to  to dng v&agrave; gia tng gi&aacute; tr thng hiu v&agrave; h thng nhn din thng hiu ca bn. V&igrave; th ch&uacute;ng t&ocirc;i lu&ocirc;n sn s&agrave;ng  c&ugrave;ng tri nghim vi c&ugrave;ng bn.</p>\r\n<p>Vit In l&agrave; mt nh&agrave; cung cp nh&atilde;n hiu, h&agrave;ng h&oacute;a, bao b&igrave; t kh&acirc;u u ti&ecirc;n n kh&acirc;u cui c&ugrave;ng, kh&ocirc;ng nhng  a bn Th&agrave;nh ph H Ch&iacute; Minh, m&agrave; c&ograve;n  nhng tnh th&agrave;nh l&acirc;n cn.</p>\r\n<p><em>Congtyvietin.vn</em>&nbsp;l&agrave;&nbsp;<a title=\"Kh&aacute;i nim website\" href=\"http://www.vietsol.net/thiet-ke-website/khai-niem-website/\" target=\"_blank\">website</a>&nbsp;cung cp th&ocirc;ng tin dch v in n, thit k mu ca&nbsp;<em>C&ocirc;ng Ty Vit In</em>. Website ca ch&uacute;ng t&ocirc;i c th&agrave;nh lp vi mc &iacute;ch to ra mt k&ecirc;nh th&ocirc;ng tin v lnh vc in n nhm phc v Qu&yacute; kh&aacute;ch h&agrave;ng tt nht trong thi i k thut s hin nay.  t&igrave;m hiu v lnh vc in n v&agrave; c&aacute;c dch v m&agrave; ch&uacute;ng t&ocirc;i cung cp, Qu&yacute; kh&aacute;ch c&oacute; th truy cp v&agrave;o c&aacute;c&nbsp;<a title=\"Dch v cung cp t&ecirc;n min\" href=\"http://www.vietsol.net/ten-mien/\" target=\"_blank\">t&ecirc;n min (domain)</a>&nbsp;di &acirc;y:</p>\r\n<ol>\r\n<li>CongtyVietIn.vn (T&ecirc;n min ch&iacute;nh thc ca ch&uacute;ng t&ocirc;i)</li>\r\n<li>CongtyVietIn.com.vn</li>\r\n<li>CongtyVietIn.com</li>\r\n</ol>\r\n<p>Sau &acirc;y l&agrave; th&ocirc;ng tin tng quan v c&aacute;c dch v thit k, in n Vit In cung cp ti kh&aacute;ch h&agrave;ng:</p>\r\n<p>- Thit k to d&aacute;ng v&agrave; to mu&nbsp;<a title=\"In bao b&igrave; - hp giy TPHCM\" href=\"http://www.congtyvietin.vn/san-pham-in-an/in-bao-bi-hop-giay-tphcm.html\" target=\"_blank\">sn phm in bao b&igrave; giy</a>.</p>\r\n<p>- Thit k h thng nhn din thng hiu.</p>\r\n<p>-&nbsp;<a href=\"http://www.congtyvietin.vn/tu-van-in-an/chi-tiet/in-offset-la-gi-20/\" target=\"_blank\">In offset</a>&nbsp;tr&ecirc;n bao b&igrave; giy.</p>\r\n<p>-&nbsp;<a href=\"http://www.congtyvietin.vn/san-pham-in-an/in-decal-nhan-giay.html\" target=\"_blank\">In offset decal nh&atilde;n sn phm</a>,&nbsp;<a href=\"http://www.congtyvietin.vn/san-pham-in-an/in-to-roi-to-gap.html\" target=\"_blank\">t ri, t bm</a>,&nbsp;<a href=\"http://www.congtyvietin.vn/san-pham-in-an/in-catalogue.html\" target=\"_blank\">catalogue</a>, brochure, name card...</p>\r\n<p>- In tem m&atilde; vch,&nbsp;<a href=\"http://www.congtyvietin.vn/san-pham-in-an/in-catalogue.html\" target=\"_blank\">tem bo h&agrave;nh</a>&nbsp;tr&ecirc;n tt c c&aacute;c loi giy Decal.</p>\r\n<p>-&nbsp;<a href=\"http://www.congtyvietin.vn/san-pham-in-an/in-catalogue.html\" target=\"_blank\">In biu mu tr&ecirc;n giy nhiu li&ecirc;n (Carboless)</a>.</p>\r\n<p>-&nbsp;<a href=\"http://www.congtyvietin.vn/san-pham-in-an/in-catalogue.html\" target=\"_blank\">In offset chuyn nhit</a>&nbsp;bng m&aacute;y in offset kh ln.</p>\r\n<p>- Thit k c quyn s tay, lch, thip...</p>\r\n<p>- Sn phm bao b&igrave; giy in offset 4 m&agrave;u tr&ecirc;n c&aacute;c loi giy Duplex, giy Ivory, giy Couche.&nbsp;Bao b&igrave; in bi 02 lp giy Duplex.</p>\r\n<p>- In lch t, lch nhiu t, lch  b&agrave;n, catalogue v&agrave; c&aacute;c n phm qung c&aacute;o. C&aacute;c loi nhn giy Decal.</p>\r\n<p>Cm n Qu&yacute; Kh&aacute;ch &atilde; d&agrave;nh thi gian  t&igrave;m hiu v th&ocirc;ng tin v&agrave; dch v ca C&ocirc;ng ty ch&uacute;ng t&ocirc;i!</p>');
INSERT INTO `i18n` VALUES ('37', 'eng', 'Service', '11', 'title', 'Translate - Dng Triu V phi mt ln sn khu Cp i hon ho');
INSERT INTO `i18n` VALUES ('38', 'eng', 'Service', '11', 'excerpt', 'Translate - Nam ca s v Thanh Thy mang nguyn chic xe phn khi ln lm o c cho mn trnh din trong liveshow 9 Cp i hon ho.\r\n');
INSERT INTO `i18n` VALUES ('39', 'eng', 'Service', '11', 'body', '12123');
INSERT INTO `i18n` VALUES ('47', 'eng', 'Support', '1', 'title', 'Adviser 1');
INSERT INTO `i18n` VALUES ('48', 'vie', 'Support', '1', 'title', 'T vn 1');
INSERT INTO `i18n` VALUES ('49', 'eng', 'Support', '2', 'title', 'Adviser 2');
INSERT INTO `i18n` VALUES ('50', 'eng', 'Support', '3', 'title', 'Adviser 3');
INSERT INTO `i18n` VALUES ('51', 'eng', 'Support', '5', 'title', 'Adviser 4');
INSERT INTO `i18n` VALUES ('52', 'eng', 'Product', '51', 'title', 'Print envelopes');
INSERT INTO `i18n` VALUES ('60', 'eng', 'Newstb', '38', 'title', 'TR - Nhng mn pho hoa n tng ti  Nng ');
INSERT INTO `i18n` VALUES ('61', 'eng', 'Newstb', '38', 'excerpt', '5 i gm M, Nht Bn, Italia, Nga v ch nh  Nng  c nhng mn trnh din p mt ti thnh ph nh sng, c ngi xem thn phc. ');
INSERT INTO `i18n` VALUES ('62', 'eng', 'Newstb', '38', 'description', '<table id=\"tbl1\" border=\"0\" cellspacing=\"0\" cellpadding=\"3\" width=\"1\" align=\"center\">\r\n<tbody>\r\n<tr>\r\n<td><img src=\"http://vnexpress.net/Files/Subject/3b/be/41/a9/doi_my_2.jpg\" border=\"1\" alt=\"D&agrave;nh gii nht cuc tr&igrave;nh din ln n&agrave;y,\" width=\"400\" height=\"600\" /></td>\r\n</tr>\r\n<tr>\r\n<td class=\"Image\">Gi&agrave;nh gii nht cuc tr&igrave;nh din ln n&agrave;y, \"D&aacute;ng em &ecirc;m  nay\" ca i M &atilde; chinh phc c ban gi&aacute;m kho v&agrave; h&agrave;ng chc ngh&igrave;n kh&aacute;n  gi. Nh&igrave;n t xa, ph&aacute;o hoa ca i M kt hp t&agrave;i t&igrave;nh vi hiu ng &aacute;nh  s&aacute;ng.</td>\r\n</tr>\r\n</tbody>\r\n</table>\r\n<table id=\"tbl2\" border=\"0\" cellspacing=\"0\" cellpadding=\"3\" width=\"1\" align=\"center\">\r\n<tbody>\r\n<tr>\r\n<td><img src=\"http://vnexpress.net/Files/Subject/3b/be/41/a9/doi_my1.jpg\" border=\"1\" alt=\"Nh&igrave;n t khu vc kh&aacute;n &agrave;i, i M kt hp t&agrave;i t&igrave;nh nhng l&agrave;n ph&aacute;o di mt nc n s\" width=\"400\" height=\"600\" /></td>\r\n</tr>\r\n<tr>\r\n<td class=\"Image\">Nh&igrave;n t khu vc kh&aacute;n &agrave;i, i M kt hp m&agrave;n ph&aacute;o di mt nc vi m&agrave;n biu din tr&ecirc;n kh&ocirc;ng trung.</td>\r\n</tr>\r\n</tbody>\r\n</table>\r\n<table id=\"tbl5\" border=\"0\" cellspacing=\"0\" cellpadding=\"3\" width=\"1\" align=\"center\">\r\n<tbody>\r\n<tr>\r\n<td><img src=\"http://vnexpress.net/Files/Subject/3b/be/41/a9/nhat.jpg\" border=\"1\" alt=\"To th&agrave;nh nhng c&acirc;y hoa theo ch \" width=\"400\" height=\"600\" /></td>\r\n</tr>\r\n<tr>\r\n<td class=\"Image\">i Nht Bn khai ha u ti&ecirc;n trong &ecirc;m tr&igrave;nh din  th hai (30/4) v&agrave; n tng vi nhng t ph&aacute;o v&uacute;t cao, to th&agrave;nh nhng  c&acirc;y hoa theo ch  \"Mt khu vn tr&ecirc;n bu tri\".</td>\r\n</tr>\r\n</tbody>\r\n</table>');
INSERT INTO `i18n` VALUES ('63', 'eng', 'Link', '68', 'title', 'Print Technical');
INSERT INTO `i18n` VALUES ('64', 'eng', 'Link', '68', 'description', '');
INSERT INTO `i18n` VALUES ('65', 'eng', 'Link', '27', 'title', 'Printing News');
INSERT INTO `i18n` VALUES ('66', 'eng', 'Link', '27', 'description', '');
INSERT INTO `i18n` VALUES ('67', 'eng', 'Product', '39', 'title', 'TR - o thun in hnh hng Thi Lan');
INSERT INTO `i18n` VALUES ('68', 'eng', 'Product', '39', 'excerpt', 'Tng thng M Barack Obama bo v cch thc x l ca ng i vi cuc khng hong ti Syria, v nh bom ti thnh ph Boston v  cp nhiu vn  khc trong cuc hp bo trong ngy th 100 ca nhim k th hai.');
INSERT INTO `i18n` VALUES ('69', 'eng', 'Product', '39', 'description', '<table id=\"tbl0\" border=\"0\" cellspacing=\"0\" cellpadding=\"3\" width=\"1\" align=\"center\">\r\n<tbody>\r\n<tr>\r\n<td><img src=\"http://vnexpress.net/Files/Subject/3b/be/41/a7/obama_0.jpg\" alt=\"Tng thng Barack Obama trong cuc hp b&aacute;o nh&acirc;n dp 100 ng&agrave;y trong nhim k hai ca &ocirc;ng h&ocirc;m 30/4. nh: AFP.\" width=\"460\" height=\"327\" /></td>\r\n</tr>\r\n<tr>\r\n<td class=\"Image\">Tng thng Barack Obama trong cuc hp b&aacute;o nh&acirc;n dp 100 ng&agrave;y trong nhim k hai ca &ocirc;ng h&ocirc;m 30/4. nh: <em>AFP</em>.</td>\r\n</tr>\r\n</tbody>\r\n</table>\r\n<p class=\"Normal\">Trong cuc hp b&aacute;o h&ocirc;m 30/4, &ocirc;ng ch Nh&agrave; Trng b&aacute;c b  lun iu ca nhng ngi k&ecirc;u gi M tng cng mc  can d v&agrave;o cuc  khng hong ti Syria. &Ocirc;ng khng nh bng chng v vic Tng thng  Syria s dng v kh&iacute; h&oacute;a hc s l&agrave; mt yu t khin M phi xem x&eacute;t kh  nng can thip, song Washington s kh&ocirc;ng kt lun mt c&aacute;ch vi v&agrave;ng, <em>AP</em> a tin.</p>\r\n<p class=\"Normal\">\"Ch&uacute;ng ta kh&ocirc;ng bit c&aacute;ch thc, thi gian, i tng  s dng nhng v kh&iacute; h&oacute;a hc ti Syria. M cha c&oacute;  bng chng  hiu  nhng s vic &atilde; din ra. T&ocirc;i mun m bo rng t&ocirc;i c&oacute; s tht\", Obama  n&oacute;i.</p>\r\n<p class=\"Normal\">&Ocirc;ng Obama gii th&iacute;ch rng, nu M vi v&agrave;ng kt lun  ch&iacute;nh ph Syria s dng cht c thn kinh khi cha c&oacute; bng chng &aacute;ng  tin cy th&igrave; Nh&agrave; Trng s kh&ocirc;ng th nhn s ng h ca cng ng quc t  khi can thip v&agrave;o Syria.</p>\r\n<p class=\"Normal\">\"V&igrave; th ch&uacute;ng ta phi x l&yacute; s vic n&agrave;y mt c&aacute;ch thn trng\", &ocirc;ng nhn nh.</p>\r\n<p class=\"Normal\">Mt s ngh s Cng h&ograve;a n&oacute;i v &aacute;nh bom gii marathon  ti th&agrave;nh ph Boston l&agrave; mt tht bi ca gii t&igrave;nh b&aacute;o M. Nhng Obama  b&aacute;c b lp lun ca h. Theo &ocirc;ng, c&aacute;c nh&agrave; iu tra &atilde; th hin n lc  phi thng trong qu&aacute; tr&igrave;nh t&igrave;m kim th phm ca v &aacute;nh bom v&agrave; l&yacute; do  khin Tamerlan v&agrave; Dzhokhar Tsarnaev, hai nghi phm ca v khng b, k&iacute;ch  n hai qu bom khin ba ngi cht v&agrave; gn 300 ngi b thng.</p>\r\n<p class=\"Normal\">\"Vic Tamerlan Tsarnaev nhim t tng Hi gi&aacute;o cc  oan cho thy him ha ng&agrave;y c&agrave;ng tng t nhng ngi t tr th&agrave;nh phn  t cc oan ti M. Nhng ngi &oacute; kh&ocirc;ng h c&oacute; mi li&ecirc;n h vi c&aacute;c t  chc khng b\", &ocirc;ng n&oacute;i.</p>\r\n<p class=\"Normal\">Tng thng M nhc li mt cam kt m&agrave; &ocirc;ng a ra trong  chin dch vn ng tranh c nm 2008: &oacute;ng ca nh&agrave; t&ugrave;  vnh  Guantanamo. \"M phi &oacute;ng ca nh&agrave; t&ugrave; Guantanamo. Ch&uacute;ng ta n&ecirc;n hiu rng  Guantanamo kh&ocirc;ng th gi&uacute;p M tr n&ecirc;n an to&agrave;n hn\", &ocirc;ng khng nh.</p>');
INSERT INTO `i18n` VALUES ('70', 'eng', 'Customer', '35', 'title', 'Cn mng nhit - Trans');
INSERT INTO `i18n` VALUES ('71', 'eng', 'Customer', '35', 'description', '<p class=\"Normal\">Ti 28/4, ti tr s i cnh s&aacute;t giao th&ocirc;ng s 12, i din nh&agrave; xe cho rng do nhu cu i li tng cao trong dp ngh l n&ecirc;n bt th&ecirc;m kh&aacute;ch tr&ecirc;n dc ng, thu qu&aacute; quy nh 30.000 ng mt ngi. H&atilde;ng nhn li v&agrave; y&ecirc;u cu l&aacute;i xe l&agrave;m kim im.</p>\r\n<p class=\"Normal\">Trao i vi ph&oacute;ng vi&ecirc;n, trung t&aacute; V Vn Ngoi (i ph&oacute; i CSGT s 12) cho bit, hin xe b tm lu ti tr s i  phc v iu tra. Trc mt, i lp bi&ecirc;n bn x pht nh&agrave; xe do ch vt s ngi v&agrave; thu tin cao (v&eacute; 95.000 nhng thu ca kh&aacute;ch 125.000 ng).</p>\r\n<table border=\"0\" cellspacing=\"0\" cellpadding=\"3\" width=\"1\" align=\"center\">\r\n<tbody>\r\n<tr>\r\n<td><img src=\"http://vnexpress.net/Files/Subject/3b/be/41/53/hoang-phuong-480.jpg\" alt=\"\" width=\"480\" height=\"360\" /></td>\r\n</tr>\r\n<tr>\r\n<td class=\"Image\">Chic xe ch qu&aacute; s h&agrave;nh kh&aacute;ch quy nh b tm gi.</td>\r\n</tr>\r\n</tbody>\r\n</table>\r\n<p class=\"Normal\">Trc &oacute;, c gi ca&nbsp;<em>VnExpress.net</em>&nbsp;phn &aacute;nh, s&aacute;ng 28/4, xe kh&aacute;ch Ho&agrave;ng Phng xut bn M &igrave;nh (H&agrave; Ni) trong t&igrave;nh trng kh&ocirc;ng c&ograve;n gh trng. Dc ng, xe tip tc bt kh&aacute;ch v&agrave; nhi nh&eacute;t ti gn 90 ngi, vt qua tt c c&aacute;c trm cnh s&aacute;t giao th&ocirc;ng t H&agrave; Ni v Thanh H&oacute;a.</p>');

-- ----------------------------
-- Table structure for `languages`
-- ----------------------------
DROP TABLE IF EXISTS `languages`;
CREATE TABLE `languages` (
  `id` int(11) NOT NULL AUTO_INCREMENT,
  `title` varchar(255) COLLATE utf8_unicode_ci NOT NULL,
  `native` varchar(255) COLLATE utf8_unicode_ci NOT NULL,
  `alias` varchar(255) COLLATE utf8_unicode_ci NOT NULL,
  `status` tinyint(1) NOT NULL DEFAULT '1',
  `weight` int(11) DEFAULT NULL,
  `updated` datetime NOT NULL,
  `created` datetime NOT NULL,
  PRIMARY KEY (`id`)
) ENGINE=InnoDB AUTO_INCREMENT=3 DEFAULT CHARSET=utf8 COLLATE=utf8_unicode_ci;

-- ----------------------------
-- Records of languages
-- ----------------------------
INSERT INTO `languages` VALUES ('1', 'English', 'English', 'eng', '1', '1', '2009-11-02 21:37:38', '2009-11-02 20:52:00');
INSERT INTO `languages` VALUES ('2', 'Vietnamese', 'Vietnam', 'vie', '1', null, '2013-04-25 14:22:44', '2013-04-25 11:51:15');

-- ----------------------------
-- Table structure for `links`
-- ----------------------------
DROP TABLE IF EXISTS `links`;
CREATE TABLE `links` (
  `id` int(20) NOT NULL AUTO_INCREMENT,
  `parent_id` int(20) DEFAULT NULL,
  `menu_id` int(20) NOT NULL,
  `title` varchar(255) COLLATE utf8_unicode_ci NOT NULL,
  `class` varchar(255) COLLATE utf8_unicode_ci NOT NULL,
  `description` text COLLATE utf8_unicode_ci,
  `link` varchar(255) COLLATE utf8_unicode_ci NOT NULL,
  `target` varchar(255) COLLATE utf8_unicode_ci DEFAULT NULL,
  `rel` varchar(255) COLLATE utf8_unicode_ci DEFAULT NULL,
  `status` tinyint(1) NOT NULL DEFAULT '1',
  `lft` int(11) DEFAULT NULL,
  `rght` int(11) DEFAULT NULL,
  `visibility_roles` text COLLATE utf8_unicode_ci,
  `params` text COLLATE utf8_unicode_ci,
  `updated` datetime NOT NULL,
  `created` datetime NOT NULL,
  PRIMARY KEY (`id`)
) ENGINE=InnoDB AUTO_INCREMENT=72 DEFAULT CHARSET=utf8 COLLATE=utf8_unicode_ci;

-- ----------------------------
-- Records of links
-- ----------------------------
INSERT INTO `links` VALUES ('5', null, '4', 'About', 'about', '', 'plugin:nodes/controller:nodes/action:view/type:page/slug:about', '', '', '1', '3', '4', '', '', '2009-10-06 23:14:21', '2009-08-19 12:23:33');
INSERT INTO `links` VALUES ('6', null, '4', 'Contact', 'contact', '', 'plugin:contacts/controller:contacts/action:view/contact', '', '', '1', '5', '6', '', '', '2009-10-06 23:14:45', '2009-08-19 12:34:56');
INSERT INTO `links` VALUES ('7', null, '3', 'Trang ch', 'home', '', '/', '', '', '1', '5', '6', '', '', '2013-05-02 10:03:06', '2009-09-06 21:32:54');
INSERT INTO `links` VALUES ('8', null, '3', 'Gii thiu', 'about', '', 'plugin:nodes/controller:nodes/action:view/type:page/slug:gioi-thieu', '', '', '1', '7', '10', '', '', '2013-04-22 18:16:26', '2009-09-06 21:34:57');
INSERT INTO `links` VALUES ('10', null, '5', 'Site Admin', 'site-admin', '', '/admin', '', '', '1', '1', '2', '', '', '2009-09-12 06:34:09', '2009-09-12 06:34:09');
INSERT INTO `links` VALUES ('11', null, '5', 'Log out', 'log-out', '', '/plugin:users/controller:users/action:logout', '', '', '1', '7', '8', '[\"1\",\"2\"]', '', '2009-09-12 06:35:22', '2009-09-12 06:34:41');
INSERT INTO `links` VALUES ('12', null, '6', 'Croogo', 'croogo', '', 'http://www.croogo.org', '', '', '1', '3', '4', '', '', '2009-09-12 23:31:59', '2009-09-12 23:31:59');
INSERT INTO `links` VALUES ('14', null, '6', 'CakePHP', 'cakephp', '', 'http://www.cakephp.org', '', '', '1', '1', '2', '', '', '2009-10-07 03:25:25', '2009-09-12 23:38:43');
INSERT INTO `links` VALUES ('16', null, '5', 'Entries (RSS)', 'entries-rss', '', '/promoted.rss', '', '', '1', '3', '4', '', '', '2009-10-27 17:46:22', '2009-10-27 17:46:22');
INSERT INTO `links` VALUES ('17', null, '5', 'Comments (RSS)', 'comments-rss', '', '/comments.rss', '', '', '1', '5', '6', '', '', '2009-10-27 17:46:54', '2009-10-27 17:46:54');
INSERT INTO `links` VALUES ('18', '8', '3', 'Th ng', '', '', 'plugin:nodes/controller:nodes/action:view/type:page/slug:thu-ngo', '', '', '1', '8', '9', '', '', '2013-04-23 20:14:43', '2013-04-22 18:54:49');
INSERT INTO `links` VALUES ('20', null, '3', 'Dch v', '', '', '/dich-vu.html', '', '', '1', '11', '24', '', '', '2013-05-04 20:54:45', '2013-04-22 18:55:46');
INSERT INTO `links` VALUES ('21', '20', '3', 'In offset gi r', '', '', '/dich-vu/in-offset-gia-re-39', '', '', '1', '12', '13', '', '', '2013-05-01 15:21:01', '2013-04-22 18:56:09');
INSERT INTO `links` VALUES ('22', '20', '3', 'In decal TP.HCM', '', '', '/dich-vu/in-decal-tphcm-38', '', '', '1', '14', '15', '', '', '2013-05-01 15:21:09', '2013-04-22 18:56:30');
INSERT INTO `links` VALUES ('23', '20', '3', 'In offset chuyn nhit', '', '', '/dich-vu/in-offset-chuyen-nhiet-37', '', '', '1', '16', '17', '', '', '2013-05-01 15:21:19', '2013-04-22 18:57:03');
INSERT INTO `links` VALUES ('24', null, '3', 'Sn phm', '', '', '/san-pham.html', '', '', '1', '25', '26', '', '', '2013-05-04 20:55:07', '2013-04-22 18:57:16');
INSERT INTO `links` VALUES ('25', null, '3', 'Bng gi', '', '', 'plugin:nodes/controller:nodes/action:view/type:page/slug:bang-gia', '', '', '1', '27', '28', '', '', '2013-04-23 20:20:01', '2013-04-22 18:57:28');
INSERT INTO `links` VALUES ('26', null, '3', 'Tin tc', '', '', '/tin-tuc.html', '', '', '1', '29', '34', '', '', '2013-05-04 20:55:24', '2013-04-22 18:57:47');
INSERT INTO `links` VALUES ('27', '26', '3', 'Tin tc ngnh in', '', '', '/tin-tuc/tin-tuc-nganh-in-46', '', '', '1', '30', '31', '', '', '2013-05-02 11:23:04', '2013-04-22 18:58:11');
INSERT INTO `links` VALUES ('29', null, '7', 'Dch v thit k web', '', '', 'http://www.vietsol.net/thiet-ke-website/', '', '', '1', '1', '2', '', '', '2013-04-23 04:46:00', '2013-04-23 04:46:00');
INSERT INTO `links` VALUES ('30', null, '7', 'My pht in', '', '', 'http://mayphatdiennamnguyen.com', '', '', '1', '3', '4', '', '', '2013-04-23 04:46:33', '2013-04-23 04:46:33');
INSERT INTO `links` VALUES ('31', null, '7', 'ch tht', '', '', 'http://www.echgiong.com/san-pham/ech-thit-tuoi-song.html', '', '', '1', '5', '6', '', '', '2013-04-23 04:46:55', '2013-04-23 04:46:55');
INSERT INTO `links` VALUES ('32', null, '7', 'Nhm tht', '', '', 'http://www.echgiong.com/mua-ban-nhim-thit-nhim-giong.html', '', '', '1', '7', '8', '', '', '2013-04-23 04:47:11', '2013-04-23 04:47:11');
INSERT INTO `links` VALUES ('33', null, '7', 'Phong thy lc vit', '', '', 'http://www.phongthuylacviet.org.vn', '', '', '1', '9', '10', '', '', '2013-04-23 04:47:29', '2013-04-23 04:47:29');
INSERT INTO `links` VALUES ('34', null, '7', 'Xem ngy tt xu', '', '', 'http://www.lyhocdongphuong.org.vn/apps/xem-ngay-tot-xau.php', '', '', '1', '11', '12', '', '', '2013-04-23 04:48:10', '2013-04-23 04:48:10');
INSERT INTO `links` VALUES ('35', null, '7', 'Vnexpress.net', '', '', 'Vnexpress.net', '', '', '1', '13', '14', '', '', '2013-04-23 04:48:26', '2013-04-23 04:48:26');
INSERT INTO `links` VALUES ('36', null, '7', 'LaBan.vn', '', '', 'laban.vn', '', '', '1', '15', '16', '', '', '2013-04-23 04:48:36', '2013-04-23 04:48:36');
INSERT INTO `links` VALUES ('37', null, '7', 'TuoiTre.vn', '', '', 'tuoitre.vn', '', '', '1', '17', '18', '', '', '2013-04-23 04:49:02', '2013-04-23 04:49:02');
INSERT INTO `links` VALUES ('38', null, '7', 'DanTri.com', '', '', 'dantri.com', '', '', '1', '19', '20', '', '', '2013-04-23 04:49:14', '2013-04-23 04:49:14');
INSERT INTO `links` VALUES ('39', null, '7', 'ZendVN.com', '', '', 'zendvn.com', '', '', '1', '21', '22', '', '', '2013-04-23 04:56:11', '2013-04-23 04:56:11');
INSERT INTO `links` VALUES ('40', null, '7', 'PCWorld.com.vn', '', '', 'pcworld.com.vn', '', '', '1', '23', '24', '', '', '2013-04-23 04:56:23', '2013-04-23 04:56:23');
INSERT INTO `links` VALUES ('41', null, '7', 'Vietnamworks.com', '', '', 'vietnamworks.com', '', '', '1', '25', '26', '', '', '2013-04-23 04:56:44', '2013-04-23 04:56:44');
INSERT INTO `links` VALUES ('42', null, '7', 'vieclam.24h.com.vn', '', '', 'vieclam.24h.com.vn', '', '', '1', '27', '28', '', '', '2013-04-23 04:56:56', '2013-04-23 04:56:56');
INSERT INTO `links` VALUES ('43', null, '7', 'Careerlink.com', '', '', 'careerlink.com', '', '', '1', '29', '30', '', '', '2013-04-23 04:57:29', '2013-04-23 04:57:29');
INSERT INTO `links` VALUES ('44', null, '8', 'In catalogue', '', '', '/san-pham/in-catalogue-46', '', '', '1', '1', '2', '', '', '2013-05-02 22:12:53', '2013-04-23 05:30:59');
INSERT INTO `links` VALUES ('45', null, '8', 'In bao b TP.HCM', '', '', '/san-pham/in-bao-bi-tphcm-47', '', '', '1', '3', '4', '', '', '2013-05-02 22:16:17', '2013-04-23 05:31:12');
INSERT INTO `links` VALUES ('46', null, '8', 'In decal nhn giy', '', '', '/san-pham/in-decal-nhan-giay-50', '', '', '1', '5', '6', '', '', '2013-05-02 22:16:31', '2013-04-23 05:31:29');
INSERT INTO `links` VALUES ('47', null, '8', 'In bao th', '', '', '/san-pham/in-bao-thu-51', '', '', '1', '7', '8', '', '', '2013-05-02 22:16:43', '2013-04-23 05:31:43');
INSERT INTO `links` VALUES ('48', null, '9', 'In o thun', '', '', '/dich-vu/in-ao-thun-40', '', '', '1', '1', '2', '', '', '2013-05-01 15:23:54', '2013-04-23 06:50:51');
INSERT INTO `links` VALUES ('49', null, '9', 'In offset gi r', '', '', '/dich-vu/in-offset-gia-re-39', '', '', '1', '3', '4', '', '', '2013-05-01 15:24:02', '2013-04-23 06:51:04');
INSERT INTO `links` VALUES ('50', null, '9', 'In decal TP.HCM', '', '', '/dich-vu/in-decal-tphcm-38', '', '', '1', '5', '6', '', '', '2013-05-01 15:24:10', '2013-04-23 06:51:16');
INSERT INTO `links` VALUES ('51', null, '9', 'In offset chuyn nhit ', '', '', '/dich-vu/in-offset-chuyen-nhiet-37', '', '', '1', '7', '8', '', '', '2013-05-01 15:24:19', '2013-04-23 06:51:27');
INSERT INTO `links` VALUES ('52', null, '9', 'Nhn in gia cng gi r', '', '', '/dich-vu/nhan-in-gia-cong-gia-re-36', '', '', '1', '9', '10', '', '', '2013-05-01 15:24:30', '2013-04-23 06:51:38');
INSERT INTO `links` VALUES ('53', null, '9', 'Cn mng nhit', '', '', '/dich-vu/can-mang-nhiet-35', '', '', '1', '11', '12', '', '', '2013-05-01 15:24:39', '2013-04-23 06:51:49');
INSERT INTO `links` VALUES ('54', null, '8', 'In tem bo hnh', '', '', '/san-pham/in-tem-bao-hanh-52', '', '', '1', '9', '10', '', '', '2013-05-02 22:16:52', '2013-04-23 06:52:10');
INSERT INTO `links` VALUES ('56', null, '8', 'In t ri - t gp', '', '', '/san-pham/in-to-roi---to-gap-53', '', '', '1', '11', '12', '', '', '2013-05-02 22:17:01', '2013-04-23 06:52:35');
INSERT INTO `links` VALUES ('57', null, '8', 'In poster', '', '', '/san-pham/in-poster-54', '', '', '1', '13', '14', '', '', '2013-05-02 22:17:12', '2013-04-23 06:52:47');
INSERT INTO `links` VALUES ('58', null, '8', 'In thip', '', '', '/san-pham/in-thiep-55', '', '', '1', '15', '16', '', '', '2013-05-02 22:17:24', '2013-04-23 06:57:01');
INSERT INTO `links` VALUES ('59', null, '8', 'In phiu qu tng', '', '', '/san-pham/in-phieu-qua-tang-56', '', '', '1', '17', '18', '', '', '2013-05-02 22:17:34', '2013-04-23 06:57:15');
INSERT INTO `links` VALUES ('60', null, '8', 'In danh thip', '', '', '/san-pham/in-danh-thiep-57', '', '', '1', '19', '20', '', '', '2013-05-02 22:17:44', '2013-04-23 06:57:28');
INSERT INTO `links` VALUES ('61', null, '8', 'In ba ng h s', '', '', '/san-pham/in-bia-dung-ho-so-58', '', '', '1', '21', '22', '', '', '2013-05-02 22:17:57', '2013-04-23 06:57:41');
INSERT INTO `links` VALUES ('62', null, '8', 'In bn tin', '', '', 'plugin:nodes/controller:nodes/action:view/type:page/slug:san-pham', '', '', '1', '23', '24', '', '', '2013-04-25 04:36:14', '2013-04-23 06:57:56');
INSERT INTO `links` VALUES ('63', null, '8', 'In ti giy - hp giy', '', '', 'plugin:nodes/controller:nodes/action:view/type:page/slug:san-pham', '', '', '1', '25', '26', '', '', '2013-04-25 04:36:18', '2013-04-23 06:58:05');
INSERT INTO `links` VALUES ('64', null, '8', 'In biu mu / carbonless', '', '', 'plugin:nodes/controller:nodes/action:view/type:page/slug:san-pham', '', '', '1', '27', '28', '', '', '2013-04-25 04:36:23', '2013-04-23 06:58:14');
INSERT INTO `links` VALUES ('65', '20', '3', 'In o thun', '', '', '/dich-vu/in-ao-thun-40', '', '', '1', '18', '19', '', '', '2013-05-01 15:21:29', '2013-04-23 08:32:36');
INSERT INTO `links` VALUES ('66', '20', '3', 'Nhn in gia cng gi r', '', '', '/dich-vu/nhan-in-gia-cong-gia-re-36', '', '', '1', '20', '21', '', '', '2013-05-01 15:21:38', '2013-04-23 11:03:04');
INSERT INTO `links` VALUES ('67', '20', '3', 'Cn mng nhit', '', '', '/dich-vu/can-mang-nhiet-35', '', '', '1', '22', '23', '', '', '2013-05-01 15:21:47', '2013-04-23 11:03:25');
INSERT INTO `links` VALUES ('68', '26', '3', 'K thut in n', '', '', '/tin-tuc/ky-thuat-in-an-47', '', '', '1', '32', '33', '', '', '2013-05-02 11:23:13', '2013-04-23 12:27:33');
INSERT INTO `links` VALUES ('69', null, '3', 'Lin h', '', '', '/lien-he.html', '', '', '1', '37', '38', '', '', '2013-05-04 20:55:33', '2013-04-24 05:50:54');
INSERT INTO `links` VALUES ('71', null, '3', 'Khch hng', '', '', '/khach-hang.html', '', '', '1', '35', '36', '', '', '2013-05-12 12:38:08', '2013-05-12 12:38:08');

-- ----------------------------
-- Table structure for `menus`
-- ----------------------------
DROP TABLE IF EXISTS `menus`;
CREATE TABLE `menus` (
  `id` int(10) NOT NULL AUTO_INCREMENT,
  `title` varchar(255) COLLATE utf8_unicode_ci NOT NULL,
  `alias` varchar(255) COLLATE utf8_unicode_ci NOT NULL,
  `class` varchar(255) COLLATE utf8_unicode_ci NOT NULL,
  `description` text COLLATE utf8_unicode_ci,
  `status` tinyint(1) NOT NULL DEFAULT '1',
  `weight` int(11) DEFAULT NULL,
  `link_count` int(11) NOT NULL,
  `params` text COLLATE utf8_unicode_ci,
  `updated` datetime NOT NULL,
  `created` datetime NOT NULL,
  PRIMARY KEY (`id`),
  UNIQUE KEY `menu_alias` (`alias`)
) ENGINE=InnoDB AUTO_INCREMENT=10 DEFAULT CHARSET=utf8 COLLATE=utf8_unicode_ci;

-- ----------------------------
-- Records of menus
-- ----------------------------
INSERT INTO `menus` VALUES ('3', 'Main Menu', 'main', '', '', '1', null, '17', '', '2009-08-19 12:21:06', '2009-07-22 01:49:53');
INSERT INTO `menus` VALUES ('4', 'Footer', 'footer', '', '', '1', null, '2', '', '2009-08-19 12:22:42', '2009-08-19 12:22:42');
INSERT INTO `menus` VALUES ('5', 'Meta', 'meta', '', '', '1', null, '4', '', '2009-09-12 06:33:29', '2009-09-12 06:33:29');
INSERT INTO `menus` VALUES ('6', 'Blogroll', 'blogroll', '', '', '1', null, '2', '', '2009-09-12 23:30:24', '2009-09-12 23:30:24');
INSERT INTO `menus` VALUES ('7', 'LS Menu Footer', 'mn-ls-menu-footer', '', '', '1', null, '15', '', '2013-04-23 04:44:38', '2013-04-23 04:44:11');
INSERT INTO `menus` VALUES ('8', 'LS Product Category', 'mn-ls-product-category', '', '', '1', null, '14', '', '2013-04-23 05:29:46', '2013-04-23 05:29:46');
INSERT INTO `menus` VALUES ('9', 'LS Service', 'mn-ls-service', '', '', '1', null, '6', '', '2013-04-23 06:00:20', '2013-04-23 06:00:19');

-- ----------------------------
-- Table structure for `messages`
-- ----------------------------
DROP TABLE IF EXISTS `messages`;
CREATE TABLE `messages` (
  `id` int(11) NOT NULL AUTO_INCREMENT,
  `contact_id` int(11) NOT NULL,
  `name` varchar(100) COLLATE utf8_unicode_ci NOT NULL,
  `email` varchar(100) COLLATE utf8_unicode_ci NOT NULL,
  `title` varchar(255) COLLATE utf8_unicode_ci DEFAULT NULL,
  `body` text COLLATE utf8_unicode_ci,
  `website` varchar(255) COLLATE utf8_unicode_ci DEFAULT NULL,
  `phone` varchar(255) COLLATE utf8_unicode_ci DEFAULT NULL,
  `address` text COLLATE utf8_unicode_ci,
  `message_type` varchar(255) COLLATE utf8_unicode_ci DEFAULT NULL,
  `status` tinyint(1) NOT NULL DEFAULT '0',
  `updated` datetime NOT NULL,
  `created` datetime NOT NULL,
  PRIMARY KEY (`id`)
) ENGINE=InnoDB DEFAULT CHARSET=utf8 COLLATE=utf8_unicode_ci;

-- ----------------------------
-- Records of messages
-- ----------------------------

-- ----------------------------
-- Table structure for `meta`
-- ----------------------------
DROP TABLE IF EXISTS `meta`;
CREATE TABLE `meta` (
  `id` int(20) NOT NULL AUTO_INCREMENT,
  `model` varchar(255) COLLATE utf8_unicode_ci NOT NULL DEFAULT 'Node',
  `foreign_key` int(20) DEFAULT NULL,
  `key` varchar(255) COLLATE utf8_unicode_ci NOT NULL,
  `value` text COLLATE utf8_unicode_ci,
  `weight` int(11) DEFAULT NULL,
  PRIMARY KEY (`id`)
) ENGINE=InnoDB AUTO_INCREMENT=2 DEFAULT CHARSET=utf8 COLLATE=utf8_unicode_ci;

-- ----------------------------
-- Records of meta
-- ----------------------------
INSERT INTO `meta` VALUES ('1', 'Node', '1', 'meta_keywords', 'key1, key2', null);

-- ----------------------------
-- Table structure for `newstbs`
-- ----------------------------
DROP TABLE IF EXISTS `newstbs`;
CREATE TABLE `newstbs` (
  `id` int(11) NOT NULL AUTO_INCREMENT,
  `title` varchar(255) COLLATE utf8_unicode_ci DEFAULT NULL,
  `excerpt` text COLLATE utf8_unicode_ci,
  `description` text COLLATE utf8_unicode_ci,
  `images` varchar(255) COLLATE utf8_unicode_ci DEFAULT NULL,
  `slug` varchar(255) COLLATE utf8_unicode_ci DEFAULT NULL,
  `path` varchar(255) COLLATE utf8_unicode_ci DEFAULT NULL,
  `parent` int(1) DEFAULT '1',
  `updated` datetime DEFAULT NULL,
  `created` datetime DEFAULT NULL,
  `status` tinyint(1) DEFAULT '1',
  PRIMARY KEY (`id`)
) ENGINE=InnoDB AUTO_INCREMENT=48 DEFAULT CHARSET=utf8 COLLATE=utf8_unicode_ci;

-- ----------------------------
-- Records of newstbs
-- ----------------------------
INSERT INTO `newstbs` VALUES ('1', 'Tin tc', '', '', '', 'tin-tuc', '/tin-tuc.html', '0', '2000-00-00 14:32:37', '2000-05-01 14:32:37', '1');
INSERT INTO `newstbs` VALUES ('11', 'V nghi phm nh bom Boston khng nhn xc chng', 'Ngi v ga ca Tamerlan Tsarnaev, nghi phm nh bom gii chy marathon ti thnh ph Boston, mun gii chc M trao xc ca y cho gia nh.', '<table id=\"tbl0\" border=\"0\" cellspacing=\"0\" cellpadding=\"3\" width=\"1\" align=\"center\">\r\n<tbody>\r\n<tr>\r\n<td><img src=\"http://vnexpress.net/Files/Subject/3b/be/41/a4/katherine_russell_5.jpg\" alt=\"Katherine Russell, v ca Tamerlan Tsarnaev, ri khi vn ph&ograve;ng ca lut s\" width=\"380\" height=\"562\" /></td>\r\n</tr>\r\n<tr>\r\n<td class=\"Image\">Katherine Russell, v ca Tamerlan Tsarnaev, ri khi  vn ph&ograve;ng ca lut s Amato DeLuca ti th&agrave;nh ph Providence, bang Rhode  Island h&ocirc;m 29/4. Lut s DeLuca i b&ecirc;n cnh c&ocirc;. nh: <em>AP</em>.</td>\r\n</tr>\r\n</tbody>\r\n</table>\r\n<p class=\"Normal\">C&aacute;c nh&agrave; iu tra &atilde; thm vn Katherine Russell, v ca  Tamerlan,  t&igrave;m hiu qu&aacute; tr&igrave;nh ch to bom ca hai anh em Tsarnave v&agrave;  liu ai &oacute; gi&uacute;p h hay kh&ocirc;ng.</p>\r\n<p class=\"Normal\">\"Katherine Russell mun gia &igrave;nh Tsarnave nhn x&aacute;c ca  Tamerlan. Ch&uacute;ng t&ocirc;i s th&ocirc;ng b&aacute;o ti nh&agrave; chc tr&aacute;ch v nguyn vng ca  c&ocirc; y\", <em>Reuters</em> dn li Amato DeLuca, mt lut s ca Katherine Russell.</p>\r\n<p class=\"Normal\">Ch&uacute; ca Tamerlan Tsarnaev l&agrave; &ocirc;ng Ruslan Tsarni h&ocirc;m qua  cho bit gia &igrave;nh s nhn thi th ca anh ta. \"Tt nhi&ecirc;n, c&aacute;c th&agrave;nh  vi&ecirc;n gia &igrave;nh s nhn ly c&aacute;i x&aacute;c. Ch&uacute;ng t&ocirc;i s l&agrave;m iu &oacute;. Ch&uacute;ng t&ocirc;i  s l&agrave;m iu &oacute;. Gia &igrave;nh vn l&agrave; gia &igrave;nh\".</p>\r\n<p class=\"Normal\">&Ocirc;ng Tsarni kh&ocirc;ng n&oacute;i th&ecirc;m chi tit v vic nhn li  thi h&agrave;i. Tsarnaev &atilde; c kh&aacute;m nghim ph&aacute;p y xong v&agrave; ang nm ti ph&ograve;ng  kh&aacute;m nghim ca gii chc. Nguy&ecirc;n nh&acirc;n ch&iacute;nh x&aacute;c dn n c&aacute;i cht ca y  &atilde; c x&aacute;c nh v&agrave; s c c&ocirc;ng b sau khi y tr v vi gia &igrave;nh.</p>\r\n<p class=\"Normal\">Cha m ca Tamerlan hin vn  Nga, nhng y c&ograve;n nhng ngi h h&agrave;ng kh&aacute;c  M, trong &oacute; c&oacute; &ocirc;ng ch&uacute; Tsarni.</p>\r\n<p class=\"Normal\">Ngi v g&oacute;a 24 tui &atilde; tr v th&agrave;nh ph Providence,  bang Rhode Island  sng vi b, m. C&aacute;c chuy&ecirc;n gia ca Cc iu tra  li&ecirc;n bang M (FBI) &atilde; gp c&ocirc; v&agrave;i gi trong tun trc. \"Trong nhng ng&agrave;y  ti, Katherine s tip tc gp lc lng h&agrave;nh ph&aacute;p  h tr qu&aacute; tr&igrave;nh  iu tra ca h\", DeLuca n&oacute;i th&ecirc;m.</p>', '/uploads/facebook-cap-nhat-bang-emoticon-moi.png', 'vo-nghi-pham-danh-bom-boston-khong-nhan-xac-chong', '/tin-tuc/vo-nghi-pham-danh-bom-boston-khong-nhan-xac-chong-11.html', '46', '2013-05-03 16:37:56', '2013-04-24 09:44:11', '1');
INSERT INTO `newstbs` VALUES ('35', ' Rooney i ni chuyn thng thn vi Ferguson', 'S xut hin ca Robert Lewandowski hoc Radamel Falcao c th y tin o ngi Anh khi sn Old Trafford trong k chuyn nhng h.', '<p>&nbsp; Ngun tin ri&ecirc;ng ca t Telegraph (Anh) s&aacute;ng nay cho bit, Wayne Rooney  &atilde; y&ecirc;u cu mt cuc n&oacute;i chuyn thng thn vi HLV Alex Ferguson trc  khi &agrave;m ph&aacute;n gia hn hp ng. Ni dung cuc n&oacute;i chuyn s xoay quanh  vic Sir Alex phi m bo cho R10 mt sut &aacute; ch&iacute;nh tr&ecirc;n h&agrave;ng tin o.</p>\r\n<p>V tr&iacute; ca Rooney  MU bt u lung lay khi Robin Van Persie xut hin  v&agrave; li&ecirc;n tc ghi b&agrave;n cho i b&oacute;ng mi. Mt dn c hi chi tr&ecirc;n h&agrave;ng tin  o, ch&acirc;n s&uacute;t s mt i tuyn Anh lm l&uacute;c phi ra s&acirc;n trong vai tr&ograve;  tin v c&ocirc;ng.</p>\r\n<table class=\"tplCaption\" border=\"0\" cellspacing=\"0\" cellpadding=\"3\" width=\"1\" align=\"center\">\r\n<tbody>\r\n<tr>\r\n<td><img src=\"http://l.f1.img.vnexpress.net/2013/05/01/rooney-jpg-1367413943_500x0.jpg\" alt=\"rooney-jpg-1367413943_500x0.jpg\" width=\"500\" /></td>\r\n</tr>\r\n</tbody>\r\n</table>\r\n<p>T&igrave;nh h&igrave;nh ca Rooney c&agrave;ng &aacute;ng lo hn khi c&oacute; tin Sir Alex ang mun b  sung mt tin o ng cp cho MU. Nu nh tin n l&agrave; &uacute;ng th&igrave; mc ti&ecirc;u  ca &ocirc;ng l&agrave; mt trong hai c&aacute;i t&ecirc;n ang ni &igrave;nh ni &aacute;m, Robert  Lewandowski v&agrave; Radamel Falcao.</p>\r\n<p>Theo Telegraph, ch khi Sir Alex m bo mt sut tin o &aacute; ch&iacute;nh,  Rooney mi ng &yacute; &agrave;m ph&aacute;n gia hn hp ng. Hin R10 c&ograve;n hai nm hp  ng vi mc lng 250.000 bng/tun.</p>\r\n<p>Trong trng hp kh&ocirc;ng t c &yacute; nguyn, c&oacute; kh nng Rooney s ra i.  &iacute;ch n c&oacute; th l&agrave; mt trong ba CLB Chelsea, PSG hoc Man City.</p>', '/uploads/517ec53d-dff0-40b1-8ab6-1b8c1c47f2e6-thumb_6.jpg', '-rooney-doi-noi-chuyen-thang-than-voi-ferguson', '/tin-tuc/-rooney-doi-noi-chuyen-thang-than-voi-ferguson-35.html', '46', '2013-05-03 16:38:25', '2013-04-29 21:32:54', '1');
INSERT INTO `newstbs` VALUES ('36', 'Nhng smartphone mn hnh rng gi tt', 'Kch thc mn hnh ca in thoi ngy cng rng hn, nhiu model xp x trn di 5 inch gi bn kh hp dn khi nm  phn khc tm trung t 5 cho ti 10 triu ng. ', '<p class=\"Normal\">&nbsp; Nu nh nm ngo&aacute;i, ngi d&ugrave;ng phi b ti hn 13, 14 triu ng  c&oacute;  th s hu c mt chic smartphone Android c&oacute; m&agrave;n h&igrave;nh rng tm hn 5  inch nh Note hay Note II th&igrave; nm ngay, nhiu nh&agrave; sn xut ang tn c&ocirc;ng  th trng smartphone tm trung vi nhiu sn phm m&agrave;n h&igrave;nh rng xp x  5 inch hoc ln hn. Thm ch&iacute;, c&oacute; model m&agrave;n h&igrave;nh 5 inch nhng gi&aacute; cha  ti 5 triu ng, hay&nbsp; c trang b c m&agrave;n h&igrave;nh Full HD 5 inch nhng  ni&ecirc;m yt cha n 10 triu ng.</p>\r\n<p class=\"Normal\">X&eacute;t v gi&aacute; c&ugrave;ng vi nhng c&ocirc;ng ngh, cht lng v&agrave;  ln ca m&agrave;n h&igrave;nh,  di &acirc;y l&agrave; nhng smartphone (ch&iacute;nh h&atilde;ng) m&agrave;n h&igrave;nh rng c&oacute; gi&aacute; hp dn  nht tr&ecirc;n th trng hin nay.</p>\r\n<p class=\"subtitle\"><a href=\"http://sohoa.vnexpress.net/oppo-find-5/topic-9121.html\">Oppo Find 5 (9,9 triu ng)</a></p>\r\n<table class=\"tplCaption\" border=\"0\" cellspacing=\"0\" cellpadding=\"3\" width=\"1\" align=\"center\">\r\n<tbody>\r\n<tr>\r\n<td><img src=\"http://l.f5.img.vnexpress.net/2013/05/01/IMG-0035-JPG-1367383454_500x0.jpg\" alt=\"IMG-0035-JPG-1367383454_500x0.jpg\" width=\"500\" /></td>\r\n</tr>\r\n<tr>\r\n<td class=\"Image\">FInd 5 s hu m&agrave;n h&igrave;nh p vi  ph&acirc;n gii Full HD. nh: <em>Tun Anh.</em></td>\r\n</tr>\r\n</tbody>\r\n</table>\r\n<p class=\"Normal\">X&eacute;t v mc gi&aacute; v&agrave; cht lng m&agrave;n h&igrave;nh, Find 5 l&agrave; chic smartphone g&acirc;y  nhiu ch&uacute; &yacute; khi s hu m&agrave;n h&igrave;nh p, sc n&eacute;t vi  ph&acirc;n gii Full HD v&agrave;  k&iacute;ch thc 5 inch, trong khi so vi c&aacute;c i th c&ugrave;ng k&iacute;ch thc v&agrave; cu  h&igrave;nh nh Xperia Z, ZL th&igrave; gi&aacute; thp hn kh&aacute; nhiu.</p>\r\n<p class=\"Normal\">Find 5 s hu chip l&otilde;i t Qualcomm Snapdragon S4 Pro c&ugrave;ng RAM 2 GB,  camera 13 megapixel s dng cm bin Exmor RS i mi c&ugrave;ng thit k  nguy&ecirc;n khi hp dn. M&aacute;y chy Android 4.1.2 vi giao din ri&ecirc;ng.</p>', '/uploads/wip_f100_wrecker_textured_1x.jpg', 'nhung-smartphone-man-hinh-rong-gia-tot', '/tin-tuc/nhung-smartphone-man-hinh-rong-gia-tot-36.html', '1', '2013-05-03 16:37:46', '2013-04-29 22:26:55', '1');
INSERT INTO `newstbs` VALUES ('37', 'Khuyn mi \'khng\'  x hng tn kho ', 'Do tnh hnh kh khn, nhiu doanh nghip, n v kinh doanh nh phi khuyn mi, gim gi trn 50%, d theo lut iu ny l khng c php.', '<table border=\"0\" cellspacing=\"0\" cellpadding=\"3\" width=\"100%\">\r\n<tbody>\r\n<tr>\r\n<td><img src=\"http://vnexpress.net/Files/Subject/3b/be/3e/92/bang.jpg\" border=\"1\" alt=\"\" width=\"490\" height=\"383\" /></td>\r\n</tr>\r\n<tr>\r\n<td class=\"Image\" align=\"left\">Theo Ngh nh 37/2006 quy nh chi tit  Lut thng mi, mc gim gi&aacute; ti a vi h&agrave;ng h&oacute;a dch v trong mt  chng tr&igrave;nh khuyn m&atilde;i, gim gi&aacute; kh&ocirc;ng c vt qu&aacute; 50% gi&aacute; tr h&agrave;ng  h&oacute;a (tr trng hp h&igrave;nh thc khuyn m&atilde;i h&agrave;ng mu  kh&aacute;ch d&ugrave;ng th  kh&ocirc;ng phi tr tin). Tuy nhi&ecirc;n, trong bi cnh kh&oacute; khn hin nay, nhiu  ch doanh nghip &atilde; tn dng khuyn m&atilde;i l&ecirc;n n 70%. nh chp ti mt  ca h&agrave;ng  qun 7.</td>\r\n</tr>\r\n<tr>\r\n<td><img src=\"http://vnexpress.net/Files/Subject/3b/be/3e/92/bang-3.jpg\" border=\"1\" alt=\"\" width=\"350\" height=\"448\" /></td>\r\n</tr>\r\n<tr>\r\n<td class=\"Image\" align=\"left\">Mt ca h&agrave;ng b&aacute;n qun &aacute;o tr&ecirc;n ng Nguyn &igrave;nh Chiu, qun 3 trng bng sale 60% ra hn l ng nhm thu h&uacute;t kh&aacute;ch.</td>\r\n</tr>\r\n<tr>\r\n<td><img src=\"http://vnexpress.net/Files/Subject/3b/be/3e/92/bang-7.jpg\" border=\"1\" alt=\"\" width=\"490\" height=\"331\" /></td>\r\n</tr>\r\n<tr>\r\n<td class=\"Image\" align=\"left\">Chi&ecirc;u gim gi&aacute;  x h&agrave;ng vi gi&aacute; tr l&ecirc;n n 50-70%.</td>\r\n</tr>\r\n<tr>\r\n<td><img src=\"http://vnexpress.net/Files/Subject/3b/be/3e/92/bang-6.jpg\" border=\"1\" alt=\"\" width=\"350\" height=\"500\" /></td>\r\n</tr>\r\n<tr>\r\n<td class=\"Image\" align=\"left\">Mt ca h&agrave;ng  bin khuyn m&atilde;i sau t  k&iacute;nh vi gi&aacute; u &atilde;i trong th&aacute;ng 4 gim 70%. Hu ht c&aacute;c ch ca h&agrave;ng  khuyn m&atilde;i \"khng\" tr&ecirc;n u cho bit m&igrave;nh ch gim gi&aacute; 60-70% i vi  h&agrave;ng tn kho, c&ograve;n  mi th&igrave; kh&ocirc;ng.&nbsp;</td>\r\n</tr>\r\n</tbody>\r\n</table>', '/uploads/grandmother-at-a-party_1x.jpg', 'khuyen-mai-\'khung\'-de-xa-hang-ton-kho-', '/tin-tuc/khuyen-mai-\'khung\'-de-xa-hang-ton-kho--37.html', '46', '2013-05-03 16:38:23', '2013-04-30 02:03:09', '1');
INSERT INTO `newstbs` VALUES ('38', 'TR - Nhng mn pho hoa n tng ti  Nng ', '5 i gm M, Nht Bn, Italia, Nga v ch nh  Nng  c nhng mn trnh din p mt ti thnh ph nh sng, c ngi xem thn phc. ', '<table id=\"tbl1\" border=\"0\" cellspacing=\"0\" cellpadding=\"3\" width=\"1\" align=\"center\">\r\n<tbody>\r\n<tr>\r\n<td><img src=\"http://vnexpress.net/Files/Subject/3b/be/41/a9/doi_my_2.jpg\" border=\"1\" alt=\"D&agrave;nh gii nht cuc tr&igrave;nh din ln n&agrave;y,\" width=\"400\" height=\"600\" /></td>\r\n</tr>\r\n<tr>\r\n<td class=\"Image\">Gi&agrave;nh gii nht cuc tr&igrave;nh din ln n&agrave;y, \"D&aacute;ng em &ecirc;m  nay\" ca i M &atilde; chinh phc c ban gi&aacute;m kho v&agrave; h&agrave;ng chc ngh&igrave;n kh&aacute;n  gi. Nh&igrave;n t xa, ph&aacute;o hoa ca i M kt hp t&agrave;i t&igrave;nh vi hiu ng &aacute;nh  s&aacute;ng.</td>\r\n</tr>\r\n</tbody>\r\n</table>\r\n<table id=\"tbl2\" border=\"0\" cellspacing=\"0\" cellpadding=\"3\" width=\"1\" align=\"center\">\r\n<tbody>\r\n<tr>\r\n<td><img src=\"http://vnexpress.net/Files/Subject/3b/be/41/a9/doi_my1.jpg\" border=\"1\" alt=\"Nh&igrave;n t khu vc kh&aacute;n &agrave;i, i M kt hp t&agrave;i t&igrave;nh nhng l&agrave;n ph&aacute;o di mt nc n s\" width=\"400\" height=\"600\" /></td>\r\n</tr>\r\n<tr>\r\n<td class=\"Image\">Nh&igrave;n t khu vc kh&aacute;n &agrave;i, i M kt hp m&agrave;n ph&aacute;o di mt nc vi m&agrave;n biu din tr&ecirc;n kh&ocirc;ng trung.</td>\r\n</tr>\r\n</tbody>\r\n</table>\r\n<table id=\"tbl5\" border=\"0\" cellspacing=\"0\" cellpadding=\"3\" width=\"1\" align=\"center\">\r\n<tbody>\r\n<tr>\r\n<td><img src=\"http://vnexpress.net/Files/Subject/3b/be/41/a9/nhat.jpg\" border=\"1\" alt=\"To th&agrave;nh nhng c&acirc;y hoa theo ch \" width=\"400\" height=\"600\" /></td>\r\n</tr>\r\n<tr>\r\n<td class=\"Image\">i Nht Bn khai ha u ti&ecirc;n trong &ecirc;m tr&igrave;nh din  th hai (30/4) v&agrave; n tng vi nhng t ph&aacute;o v&uacute;t cao, to th&agrave;nh nhng  c&acirc;y hoa theo ch  \"Mt khu vn tr&ecirc;n bu tri\".</td>\r\n</tr>\r\n</tbody>\r\n</table>', '/uploads/icon_fril_1x.png', 'tr---nhung-man-phao-hoa-an-tuong-tai-da-nang-', '/tin-tuc/tr---nhung-man-phao-hoa-an-tuong-tai-da-nang--38.html', '36', '2013-05-03 16:37:41', '2013-04-30 02:07:18', '1');
INSERT INTO `newstbs` VALUES ('39', 'Obama tng kt 1 nm xy dng v pht trin1', 'Tng thng M Barack Obama bo v cch thc x l ca ng i vi cuc khng hong ti Syria, v nh bom ti thnh ph Boston v  cp nhiu vn  khc trong cuc hp bo trong ngy th 100 ca nhim k th hai.', '<table id=\"tbl0\" border=\"0\" cellspacing=\"0\" cellpadding=\"3\" width=\"1\" align=\"center\">\r\n<tbody>\r\n<tr>\r\n<td><img src=\"http://vnexpress.net/Files/Subject/3b/be/41/a7/obama_0.jpg\" alt=\"Tng thng Barack Obama trong cuc hp b&aacute;o nh&acirc;n dp 100 ng&agrave;y trong nhim k hai ca &ocirc;ng h&ocirc;m 30/4. nh: AFP.\" width=\"460\" height=\"327\" /></td>\r\n</tr>\r\n<tr>\r\n<td class=\"Image\">Tng thng Barack Obama trong cuc hp b&aacute;o nh&acirc;n dp 100 ng&agrave;y trong nhim k hai ca &ocirc;ng h&ocirc;m 30/4. nh: <em>AFP</em>.</td>\r\n</tr>\r\n</tbody>\r\n</table>\r\n<p class=\"Normal\">Trong cuc hp b&aacute;o h&ocirc;m 30/4, &ocirc;ng ch Nh&agrave; Trng b&aacute;c b  lun iu ca nhng ngi k&ecirc;u gi M tng cng mc  can d v&agrave;o cuc  khng hong ti Syria. &Ocirc;ng khng nh bng chng v vic Tng thng  Syria s dng v kh&iacute; h&oacute;a hc s l&agrave; mt yu t khin M phi xem x&eacute;t kh  nng can thip, song Washington s kh&ocirc;ng kt lun mt c&aacute;ch vi v&agrave;ng, <em>AP</em> a tin.</p>\r\n<p class=\"Normal\">\"Ch&uacute;ng ta kh&ocirc;ng bit c&aacute;ch thc, thi gian, i tng  s dng nhng v kh&iacute; h&oacute;a hc ti Syria. M cha c&oacute;  bng chng  hiu  nhng s vic &atilde; din ra. T&ocirc;i mun m bo rng t&ocirc;i c&oacute; s tht\", Obama  n&oacute;i.</p>\r\n<p class=\"Normal\">&Ocirc;ng Obama gii th&iacute;ch rng, nu M vi v&agrave;ng kt lun  ch&iacute;nh ph Syria s dng cht c thn kinh khi cha c&oacute; bng chng &aacute;ng  tin cy th&igrave; Nh&agrave; Trng s kh&ocirc;ng th nhn s ng h ca cng ng quc t  khi can thip v&agrave;o Syria.</p>\r\n<p class=\"Normal\">\"V&igrave; th ch&uacute;ng ta phi x l&yacute; s vic n&agrave;y mt c&aacute;ch thn trng\", &ocirc;ng nhn nh.</p>\r\n<p class=\"Normal\">Mt s ngh s Cng h&ograve;a n&oacute;i v &aacute;nh bom gii marathon  ti th&agrave;nh ph Boston l&agrave; mt tht bi ca gii t&igrave;nh b&aacute;o M. Nhng Obama  b&aacute;c b lp lun ca h. Theo &ocirc;ng, c&aacute;c nh&agrave; iu tra &atilde; th hin n lc  phi thng trong qu&aacute; tr&igrave;nh t&igrave;m kim th phm ca v &aacute;nh bom v&agrave; l&yacute; do  khin Tamerlan v&agrave; Dzhokhar Tsarnaev, hai nghi phm ca v khng b, k&iacute;ch  n hai qu bom khin ba ngi cht v&agrave; gn 300 ngi b thng.</p>\r\n<p class=\"Normal\">\"Vic Tamerlan Tsarnaev nhim t tng Hi gi&aacute;o cc  oan cho thy him ha ng&agrave;y c&agrave;ng tng t nhng ngi t tr th&agrave;nh phn  t cc oan ti M. Nhng ngi &oacute; kh&ocirc;ng h c&oacute; mi li&ecirc;n h vi c&aacute;c t  chc khng b\", &ocirc;ng n&oacute;i.</p>\r\n<p class=\"Normal\">Tng thng M nhc li mt cam kt m&agrave; &ocirc;ng a ra trong  chin dch vn ng tranh c nm 2008: &oacute;ng ca nh&agrave; t&ugrave;  vnh  Guantanamo. \"M phi &oacute;ng ca nh&agrave; t&ugrave; Guantanamo. Ch&uacute;ng ta n&ecirc;n hiu rng  Guantanamo kh&ocirc;ng th gi&uacute;p M tr n&ecirc;n an to&agrave;n hn\", &ocirc;ng khng nh.</p>', '/uploads/weatherly_1x.png', 'obama-tong-ket-1-nam-xay-dung-va-phat-trien1', '/tin-tuc/obama-tong-ket-1-nam-xay-dung-va-phat-trien1-39.html', '47', '2013-05-03 16:38:27', '2013-04-30 02:09:35', '1');
INSERT INTO `newstbs` VALUES ('40', 'Thm ngi t vong sau tai nn xe u ko tng t khch', 'Ti 30/4, chu Phm Vn c (12 tui, tr H Tnh) b thng sau tai nn  t vong ti Bnh vin Trung ng Hu, nng s ngi thit mng ln 6. ', '<p class=\"Normal\">Ch&aacute;u c b chn thng s n&atilde;o nng, c a v&agrave;o Bnh  vin Trung ng Hu v&agrave;o chiu 30/4. C&ugrave;ng vi c, 5 nn nh&acirc;n kh&aacute;c,  trong &oacute; c&oacute; t&agrave;i x xe kh&aacute;ch L&ecirc; &igrave;nh Chinh (32 tui) &atilde; t vong. Ngi  nh&agrave; c&aacute;c nn nh&acirc;n &atilde; n Bnh vin a khoa v&agrave; Bnh vin Trung ng Hu   a thi th v qu&ecirc; an t&aacute;ng.</p>\r\n<table id=\"tbl0\" border=\"0\" cellspacing=\"0\" cellpadding=\"3\" width=\"1\" align=\"center\">\r\n<tbody>\r\n<tr>\r\n<td><img src=\"http://vnexpress.net/Files/Subject/3b/be/41/b1/chet1.jpg\" border=\"1\" alt=\"C&aacute;c nn nh&acirc;n sau v tai nn kinh ho&agrave;ng ang c c&aacute;c y, b&aacute;c s chm s&oacute;c. nh: Phong Sn\" width=\"495\" height=\"350\" /></td>\r\n</tr>\r\n<tr>\r\n<td class=\"Image\">C&aacute;c nn nh&acirc;n sau v tai nn ang c c&aacute;c y, b&aacute;c s chm s&oacute;c. nh: <em>Phong Sn</em></td>\r\n</tr>\r\n</tbody>\r\n</table>\r\n<p class=\"Normal\">Hin ti Bnh vin Trung ng Hu c&ograve;n 7 nn nh&acirc;n b  thng nng ang c iu tr, trong &oacute; c&oacute; 3 d&igrave; ch&aacute;u trong mt gia  &igrave;nh. Thng t&aacute; Cao Thanh Hi, Ph&oacute; ch&aacute;nh Vn ph&ograve;ng C&ocirc;ng an tnh Tha  Thi&ecirc;n - Hu cho bit, c&ocirc;ng an ang tm gi t&agrave;i x xe u k&eacute;o L&ecirc; Tht  T&ugrave;ng (36 tui, tr&uacute; qun T&acirc;n B&igrave;nh, TP HCM)  phc v c&ocirc;ng t&aacute;c iu tra  nguy&ecirc;n nh&acirc;n tai nn.</p>\r\n<p class=\"Normal\">Trc &oacute; khong 13h ng&agrave;y 30/4, xe kh&aacute;ch 30 ch bin H&agrave;  Tnh ang lu th&ocirc;ng tr&ecirc;n quc l 1A. n x&atilde; Phong An (Phong in, Tha  Thi&ecirc;n - Hu), xe kh&aacute;ch b xe u k&eacute;o bin TP HCM do L&ecirc; Tht T&ugrave;ng cm l&aacute;i  ln l&agrave;n t&ocirc;ng trc din. Hai xe lt xung rung l&agrave;m 4 ngi t vong ti  ch, 2 ngi t vong ti Bnh vin Trung ng Hu, 7 nn nh&acirc;n kh&aacute;c trng  thng.</p>\r\n<table id=\"tbl1\" border=\"0\" cellspacing=\"0\" cellpadding=\"3\" width=\"1\" align=\"center\">\r\n<tbody>\r\n<tr>\r\n<td><img src=\"http://vnexpress.net/Files/Subject/3b/be/41/b1/chet2.jpg\" border=\"1\" alt=\"Hin trng v tai nn trong ng&agrave;y ngh l khin 6 ngi t vong. nh: Phong Sn\" width=\"495\" height=\"350\" /></td>\r\n</tr>\r\n<tr>\r\n<td class=\"Image\">Hin trng v tai nn. nh:<em> Phong Sn</em></td>\r\n</tr>\r\n</tbody>\r\n</table>\r\n<p class=\"Normal\">Ch tch tnh Tha Thi&ecirc;n - Hu Nguyn Vn Cao v&agrave; l&atilde;nh  o huyn Phong in &atilde; n hin trng ch o x l&yacute; v tai nn v&agrave; h  tr mi nn nh&acirc;n t vong 4 triu ng, ngi b thng 2 triu ng.</p>', '/uploads/thumb_17.jpg', 'them-nguoi-tu-vong-sau-tai-nan-xe-dau-keo-tong-oto-khach', '/tin-tuc/them-nguoi-tu-vong-sau-tai-nan-xe-dau-keo-tong-oto-khach-40.html', '47', '2013-05-03 16:37:52', '2013-04-30 02:10:35', '1');
INSERT INTO `newstbs` VALUES ('43', 'MC truyn hnh gi cng an chn bt xe', 'Mt MC ca Trung tm Truyn hnh Vit Nam ti tnh Ph Yn b bt khi ang cng hc sinh lp 12 gi danh cng an chn xe ngi i ng.', '<p class=\"Normal\">Ng&agrave;y 30/4, thng t&aacute; Nguyn T&acirc;m Nim, Ph&oacute;  c&ocirc;ng an huyn Tuy An (Ph&uacute; Y&ecirc;n), cho bit ang iu tra vic &ocirc;ng L&ecirc;  Thoi K, ngi dn chng tr&igrave;nh ca Trung t&acirc;m Truyn h&igrave;nh Vit Nam ti  Ph&uacute; Y&ecirc;n (VTV Ph&uacute; Y&ecirc;n) c&ugrave;ng Phan Nguyn Ho&agrave;i Nam (hc sinh lp 12, TP Tuy  H&ograve;a, Ph&uacute; Y&ecirc;n) mc cnh phc, gi danh c&ocirc;ng an ra ng chn xe kim  tra. C hai ang b c&ocirc;ng an tm gi phc v iu tra.</p>\r\n<table border=\"0\" cellspacing=\"0\" cellpadding=\"3\" width=\"1\" align=\"left\">\r\n<tbody>\r\n<tr>\r\n<td><br /></td>\r\n</tr>\r\n<tr>\r\n<td class=\"Image\">K v&agrave; Nam ti c quan c&ocirc;ng an.</td>\r\n</tr>\r\n</tbody>\r\n</table>\r\n<p class=\"Normal\">Theo &ocirc;ng Nguyn &igrave;nh C&ocirc;ng, Ch tch UBND  x&atilde; An H&ograve;a (huyn Tuy An), ti 29/4, lc lng c&ocirc;ng an x&atilde; n&agrave;y bt qu  tang K c&ugrave;ng Nam mc sc phc c&ocirc;ng an ang chn bt, kim tra giy t  hai xe m&aacute;y. C hai c a v tr s c&ocirc;ng an x&atilde;  l&agrave;m vic.</p>\r\n<p class=\"Normal\">Ti tr s c&ocirc;ng an x&atilde;, bit K v&agrave; Nam l&agrave;  c&ocirc;ng an gi, nhiu ngi gin d, &ograve;i x&ocirc;ng v&agrave;o &aacute;nh. \"Nhiu ngi d&acirc;n  a phng phn &aacute;nh hai ngi n&agrave;y &atilde; nhiu ln mc  c&ocirc;ng an ng chn  ng bt xe, kim tra giy t ca rt nhiu ngi. Do nghi ng n&ecirc;n h  b&aacute;o c&ocirc;ng an theo d&otilde;i...\", &ocirc;ng C&ocirc;ng n&oacute;i.</p>\r\n<p class=\"Normal\">Ph&oacute; C&ocirc;ng an huyn Tuy An cho bit, bc  u, K khai l&agrave; &oacute;ng gi c&ocirc;ng an  i t&aacute;c nghip v  t&agrave;i an to&agrave;n giao  th&ocirc;ng. Tuy nhi&ecirc;n, theo nhiu ngi d&acirc;n tng b chn xe, h cha bao gi  thy K d&ugrave;ng m&aacute;y quay hay m&aacute;y nh  t&aacute;c nghip.</p>\r\n<p class=\"Normal\">&Ocirc;ng Trn Thanh Hng, Ph&oacute; gi&aacute;m c VTV Ph&uacute;  Y&ecirc;n, cho bit L&ecirc; Thoi K l&agrave; nh&acirc;n vi&ecirc;n hp ng v vic ca c quan  n&agrave;y, c&oacute; np h s  c quan qun l&yacute;. Nhim v ch&iacute;nh ca K l&agrave; dn  chng tr&igrave;nh thi s, ngo&agrave;i ra c&ograve;n c ph&acirc;n c&ocirc;ng bi&ecirc;n tp, thc hin  mt s chuy&ecirc;n  vi s gi&aacute;m s&aacute;t ca VTV Ph&uacute; Y&ecirc;n.</p>\r\n<p class=\"Normal\">\"C&ocirc;ng nhn rng Thoi K l&agrave; b mt ca  &agrave;i nhng cha c k&yacute; hp ng ch&iacute;nh thc do cha tt nghip i hc.  Vic &ocirc;ng K gi danh c&ocirc;ng an i t&aacute;c nghip hay l&agrave;m g&igrave;, ch&uacute;ng t&ocirc;i ho&agrave;n  to&agrave;n kh&ocirc;ng bit cng nh kh&ocirc;ng h ph&acirc;n c&ocirc;ng. K phi chu tr&aacute;ch nhim  trc ph&aacute;p lut v vic l&agrave;m ca m&igrave;nh\" &ocirc;ng Hng n&oacute;i.</p>\r\n<p class=\"Normal\">L&atilde;nh o VTV Ph&uacute; Y&ecirc;n cho hay, kh&ocirc;ng bit hai b cnh phc m&agrave; K v&agrave; Nam mc  &oacute;ng gi c&ocirc;ng an ly t &acirc;u ra.&nbsp;</p>', '/uploads/thumb_10.jpg', 'mc-truyen-hinh-gia-cong-an-chan-bat-xe', '/tin-tuc/mc-truyen-hinh-gia-cong-an-chan-bat-xe-43.html', '47', '2013-05-03 16:38:22', '2013-05-01 20:37:15', '1');
INSERT INTO `newstbs` VALUES ('46', 'Tin tc ngnh in', '', '', '', 'tin-tuc-nganh-in', '/tin-tuc/tin-tuc-nganh-in-46.html', '1', '2013-05-03 16:38:30', '2013-05-01 21:22:58', '1');
INSERT INTO `newstbs` VALUES ('47', 'K thut in n', '', '', '', 'ky-thuat-in-an', '/tin-tuc/ky-thuat-in-an-47.html', '1', '2013-05-03 16:38:31', '2013-05-01 21:23:32', '1');

-- ----------------------------
-- Table structure for `nodes`
-- ----------------------------
DROP TABLE IF EXISTS `nodes`;
CREATE TABLE `nodes` (
  `id` int(20) NOT NULL AUTO_INCREMENT,
  `parent_id` int(20) DEFAULT NULL,
  `user_id` int(20) NOT NULL DEFAULT '0',
  `title` varchar(255) COLLATE utf8_unicode_ci NOT NULL,
  `slug` varchar(255) COLLATE utf8_unicode_ci NOT NULL,
  `body` text COLLATE utf8_unicode_ci NOT NULL,
  `excerpt` text COLLATE utf8_unicode_ci,
  `status` tinyint(1) NOT NULL DEFAULT '0',
  `mime_type` varchar(100) COLLATE utf8_unicode_ci DEFAULT NULL,
  `comment_status` int(1) NOT NULL DEFAULT '1',
  `comment_count` int(11) DEFAULT '0',
  `promote` tinyint(1) NOT NULL DEFAULT '0',
  `path` varchar(255) COLLATE utf8_unicode_ci NOT NULL,
  `terms` text COLLATE utf8_unicode_ci,
  `sticky` tinyint(1) NOT NULL DEFAULT '0',
  `lft` int(11) DEFAULT NULL,
  `rght` int(11) DEFAULT NULL,
  `visibility_roles` text COLLATE utf8_unicode_ci,
  `type` varchar(100) COLLATE utf8_unicode_ci NOT NULL DEFAULT 'node',
  `updated` datetime NOT NULL,
  `created` datetime NOT NULL,
  PRIMARY KEY (`id`)
) ENGINE=InnoDB AUTO_INCREMENT=96 DEFAULT CHARSET=utf8 COLLATE=utf8_unicode_ci;

-- ----------------------------
-- Records of nodes
-- ----------------------------
INSERT INTO `nodes` VALUES ('1', null, '1', 'Hello World', 'hello-world', '<p>Welcome to Croogo. This is your first post. You can edit or delete it from the admin panel.</p>', '', '1', '', '2', '1', '1', '/blog/hello-world', '{\"1\":\"uncategorized\"}', '0', '1', '2', '', 'blog', '2009-12-25 11:00:00', '2009-12-25 11:00:00');
INSERT INTO `nodes` VALUES ('3', null, '1', 'Gii thiu', 'gioi-thieu', '<p><strong><br />&nbsp;TRANSLATE: C&ocirc;ng ty In n Vit In</strong>&nbsp;c th&agrave;nh lp bi nhng chuy&ecirc;n gia y t&acirc;m huyt.&nbsp;Vit In ch&uacute;ng t&ocirc;i lu&ocirc;n quan t&acirc;m chm s&oacute;c h&igrave;nh nh thng hiu ca bn bi thng hiu l&agrave; t&agrave;i sn gi&aacute; tr nht m&agrave; bn c&oacute; c sau bao nhi&ecirc;u kh&oacute; khn g&acirc;y dng tr&ecirc;n thng trng. &oacute; l&agrave; s mnh y t h&agrave;o ca ch&uacute;ng t&ocirc;i.</p>\r\n<p>Ti Vit In, i ng ca ch&uacute;ng t&ocirc;i &atilde; c&oacute; nhiu kinh nghim  tt c c&aacute;c kh&acirc;u ca qu&aacute; tr&igrave;nh s&aacute;ng to t lp k hoch, thit k s&aacute;ng to, in n, sn xut chng tr&igrave;nh. T vic ph&aacute;t trin mt thng hiu th&agrave;nh c&ocirc;ng n vic to lp mt thng hiu s&aacute;ng to bt k y&ecirc;u cu ca bn ra sao, ch&uacute;ng t&ocirc;i u thc hin tt c&ocirc;ng vic ca m&igrave;nh.</p>\r\n<p>Qua nhiu nm hot ng c&aacute;c nh&acirc;n s ch cht ca ch&uacute;ng t&ocirc;i c&oacute; c nhiu kinh nghim l&agrave;m vic trong c&aacute;c lnh vc m thut ng dng, ho s thit k, m thut c&ocirc;ng nghip, ph&aacute;t trin website&hellip; Nhiu gii thng v t&iacute;nh s&aacute;ng to &atilde; t c bi c&aacute;c ha s v&agrave; chuy&ecirc;n vi&ecirc;n thit k.&nbsp;Ch&uacute;ng t&ocirc;i hiu r&otilde; gi&aacute; tr ca thng hiu v&agrave; nhng gii ph&aacute;p hiu qu y s&aacute;ng to  to dng v&agrave; gia tng gi&aacute; tr thng hiu v&agrave; h thng nhn din thng hiu ca bn. V&igrave; th ch&uacute;ng t&ocirc;i lu&ocirc;n sn s&agrave;ng  c&ugrave;ng tri nghim vi c&ugrave;ng bn.</p>\r\n<p>Vit In l&agrave; mt nh&agrave; cung cp nh&atilde;n hiu, h&agrave;ng h&oacute;a, bao b&igrave; t kh&acirc;u u ti&ecirc;n n kh&acirc;u cui c&ugrave;ng, kh&ocirc;ng nhng  a bn Th&agrave;nh ph H Ch&iacute; Minh, m&agrave; c&ograve;n  nhng tnh th&agrave;nh l&acirc;n cn.</p>\r\n<p><em>Congtyvietin.vn</em>&nbsp;l&agrave;&nbsp;<a title=\"Kh&aacute;i nim website\" href=\"http://www.vietsol.net/thiet-ke-website/khai-niem-website/\" target=\"_blank\">website</a>&nbsp;cung cp th&ocirc;ng tin dch v in n, thit k mu ca&nbsp;<em>C&ocirc;ng Ty Vit In</em>. Website ca ch&uacute;ng t&ocirc;i c th&agrave;nh lp vi mc &iacute;ch to ra mt k&ecirc;nh th&ocirc;ng tin v lnh vc in n nhm phc v Qu&yacute; kh&aacute;ch h&agrave;ng tt nht trong thi i k thut s hin nay.  t&igrave;m hiu v lnh vc in n v&agrave; c&aacute;c dch v m&agrave; ch&uacute;ng t&ocirc;i cung cp, Qu&yacute; kh&aacute;ch c&oacute; th truy cp v&agrave;o c&aacute;c&nbsp;<a title=\"Dch v cung cp t&ecirc;n min\" href=\"http://www.vietsol.net/ten-mien/\" target=\"_blank\">t&ecirc;n min (domain)</a>&nbsp;di &acirc;y:</p>\r\n<ol>\r\n<li>CongtyVietIn.vn (T&ecirc;n min ch&iacute;nh thc ca ch&uacute;ng t&ocirc;i)</li>\r\n<li>CongtyVietIn.com.vn</li>\r\n<li>CongtyVietIn.com</li>\r\n</ol>\r\n<p>Sau &acirc;y l&agrave; th&ocirc;ng tin tng quan v c&aacute;c dch v thit k, in n Vit In cung cp ti kh&aacute;ch h&agrave;ng:</p>\r\n<p>- Thit k to d&aacute;ng v&agrave; to mu&nbsp;<a title=\"In bao b&igrave; - hp giy TPHCM\" href=\"http://www.congtyvietin.vn/san-pham-in-an/in-bao-bi-hop-giay-tphcm.html\" target=\"_blank\">sn phm in bao b&igrave; giy</a>.</p>\r\n<p>- Thit k h thng nhn din thng hiu.</p>\r\n<p>-&nbsp;<a href=\"http://www.congtyvietin.vn/tu-van-in-an/chi-tiet/in-offset-la-gi-20/\" target=\"_blank\">In offset</a>&nbsp;tr&ecirc;n bao b&igrave; giy.</p>\r\n<p>-&nbsp;<a href=\"http://www.congtyvietin.vn/san-pham-in-an/in-decal-nhan-giay.html\" target=\"_blank\">In offset decal nh&atilde;n sn phm</a>,&nbsp;<a href=\"http://www.congtyvietin.vn/san-pham-in-an/in-to-roi-to-gap.html\" target=\"_blank\">t ri, t bm</a>,&nbsp;<a href=\"http://www.congtyvietin.vn/san-pham-in-an/in-catalogue.html\" target=\"_blank\">catalogue</a>, brochure, name card...</p>\r\n<p>- In tem m&atilde; vch,&nbsp;<a href=\"http://www.congtyvietin.vn/san-pham-in-an/in-catalogue.html\" target=\"_blank\">tem bo h&agrave;nh</a>&nbsp;tr&ecirc;n tt c c&aacute;c loi giy Decal.</p>\r\n<p>-&nbsp;<a href=\"http://www.congtyvietin.vn/san-pham-in-an/in-catalogue.html\" target=\"_blank\">In biu mu tr&ecirc;n giy nhiu li&ecirc;n (Carboless)</a>.</p>\r\n<p>-&nbsp;<a href=\"http://www.congtyvietin.vn/san-pham-in-an/in-catalogue.html\" target=\"_blank\">In offset chuyn nhit</a>&nbsp;bng m&aacute;y in offset kh ln.</p>\r\n<p>- Thit k c quyn s tay, lch, thip...</p>\r\n<p>- Sn phm bao b&igrave; giy in offset 4 m&agrave;u tr&ecirc;n c&aacute;c loi giy Duplex, giy Ivory, giy Couche.&nbsp;Bao b&igrave; in bi 02 lp giy Duplex.</p>\r\n<p>- In lch t, lch nhiu t, lch  b&agrave;n, catalogue v&agrave; c&aacute;c n phm qung c&aacute;o. C&aacute;c loi nhn giy Decal.</p>\r\n<p>Cm n Qu&yacute; Kh&aacute;ch &atilde; d&agrave;nh thi gian  t&igrave;m hiu v th&ocirc;ng tin v&agrave; dch v ca C&ocirc;ng ty ch&uacute;ng t&ocirc;i!</p>', 'Ti Vit In, i ng ca chng ti  c nhiu kinh nghim  tt c cc khu ca qu trnh sng to t lp k hoch, thit k sng to, in n, sn xut chng trnh. T vic pht trin mt thng hiu thnh cng n vic to lp mt thng hiu sng to bt k yu cu ca bn ra sao, chng ti u thc hin tt cng vic ca mnh.\r\n\r\nQua nhiu nm hot ng cc nhn s ch cht ca chng ti c c nhiu kinh nghim lm vic trong cc lnh vc m thut ng dng, ho s thit k, m thut cng nghip, pht trin website Nhiu gii thng v tnh sng to  t c bi cc ha s v chuyn vin thit k. Chng ti hiu r gi tr ca thng hiu v nhng gii php hiu qu y sng to  to dng v gia tng gi tr thng hiu v h thng nhn din thng hiu ca bn. V th chng ti lun sn sng  cng tri nghim vi cng bn.\r\n\r\nVit In l mt nh cung cp nhn hiu, hng ha, bao b t khu u tin n khu cui cng, khng nhng  a bn Thnh ph H Ch Minh, m cn  nhng tnh thnh ln cn.\r\n\r\nCongtyvietin.vn l website cung cp thng tin dch v in n, thit k mu ca Cng Ty Vit In. Website ca chng ti c thnh lp vi mc ch to ra mt knh thng tin v lnh vc in n nhm phc v Qu khch hng tt nht trong thi i k thut s hin nay. ', '1', null, '1', '0', '0', '/gioi-thieu.html', null, '0', '1', '2', '', 'page', '2013-05-12 13:48:17', '0000-00-00 00:00:00');
INSERT INTO `nodes` VALUES ('4', null, '0', '39154034_1', '39154034_1.jpg', '', null, '0', 'image/jpeg', '1', '0', '0', '/uploads/39154034_1.jpg', null, '0', '1', '2', null, 'attachment', '2013-04-23 05:23:52', '2013-04-23 05:23:52');
INSERT INTO `nodes` VALUES ('27', '3', '1', 'Th ng', 'thu-ngo', '<p>K&iacute;nh gi Qu&yacute; Kh&aacute;ch h&agrave;ng!</p>\r\n<p>Trc ht, thay mt <strong><a title=\"Gii thiu C&ocirc;ng ty In n Vit In\" href=\"http://www.congtyvietin.vn/cong-ty-in-an-viet-in.html\" target=\"_blank\">C&ocirc;ng ty IN N VIT IN</a></strong> xin gi li ch&agrave;o tr&acirc;n trng n  Qu&yacute; Kh&aacute;ch H&agrave;ng. K&iacute;nh ch&uacute;c Qu&yacute; V gt   h&aacute;i nhiu th&agrave;nh c&ocirc;ng v&agrave; th&agrave;nh t  trong hot ng kinh doanh.&nbsp;C&ocirc;ng ty  ch&uacute;ng t&ocirc;i hot ng v&agrave; kinh doanh trong ng&agrave;nh <strong><a href=\"http://www.congtyvietin.vn/san-pham-in-an/in-bao-bi-hop-giay.html\" target=\"_blank\">IN N TR&Ecirc;N BAO B&Igrave; GIY</a></strong> v&agrave; <strong><a href=\"http://www.congtyvietin.vn/dich-vu-in-an/in-offset-chuyen-nhiet.html\" target=\"_blank\">IN OFFSET C&Aacute;C LOI</a></strong>.    Trong qu&aacute; tr&igrave;nh h&igrave;nh th&agrave;nh v&agrave; ph&aacute;t trin, ch&uacute;ng t&ocirc;i lu&ocirc;n n&acirc;ng cao  tinh   thn tr&aacute;ch nhim qua tng sn phm, nhm phc v tt hn nhu cu  ng&agrave;y   c&agrave;ng cao ca Qu&yacute; Kh&aacute;ch, nh mt nh hng cho s tn ti v&agrave; ph&aacute;t  trin   ca C&ocirc;ng ty VIT IN ch&uacute;ng t&ocirc;i.</p>\r\n<p>L&agrave; mt C&ocirc;ng ty In n chuy&ecirc;n nghip v&agrave; hot ng v lnh vc in n trong nhiu nm, <a href=\"http://www.congtyvietin.vn/san-pham-in-an/\" target=\"_blank\">sn phm in n</a> v&agrave; dch v ca ch&uacute;ng t&ocirc;i cung cp a dng v&agrave; nhiu h&igrave;nh thc nh:&nbsp;<a href=\"http://www.congtyvietin.vn/san-pham-in-an/in-danh-thiep.html\" target=\"_blank\">Danh  thip</a>, <a href=\"http://www.congtyvietin.vn/san-pham-in-an/in-bieu-mau-carbonless.html\" target=\"_blank\">biu mu vn ph&ograve;ng</a> (Phiu xut - nhp kho, phiu ra v&agrave;o  cng,  bi&ecirc;n nhn b&aacute;n h&agrave;ng...), giy ti&ecirc;u , tem, nh&atilde;n, <a href=\"http://www.congtyvietin.vn/san-pham-in-an/in-bao-thu.html\" target=\"_blank\">bao th</a>,  <a href=\"http://www.congtyvietin.vn/san-pham-in-an/in-catalogue.html\" target=\"_blank\">catalogue</a>,  folder, brochure, lch, s tay, <a href=\"http://www.congtyvietin.vn/san-pham-in-an/in-thiep.html\" target=\"_blank\">thip ch&uacute;c mng, thip mi</a>,  bng khen,  giy chng nhn, bao b&igrave;, <a href=\"http://www.congtyvietin.vn/san-pham-in-an/in-thiep.html\" target=\"_blank\">t&uacute;i x&aacute;ch giy</a>.</p>\r\n<p><span><strong>c bit:</strong></span> Qu&yacute; Kh&aacute;ch c&oacute; nhu cu v in chuyn nhit tr&ecirc;n vi thun. Vi  c&ocirc;ng ngh  v&agrave; m&aacute;y m&oacute;c c u t hin i, c&ugrave;ng vi i ng nh&acirc;n  vi&ecirc;n  chuy&ecirc;n  nghip v&agrave; l&agrave;nh ngh trong l&atilde;nh vc thit k, in n. Vi tinh thn &ldquo;phc  v trong h&acirc;n hoan&rdquo;,  c&ocirc;ng ty ch&uacute;ng t&ocirc;i lu&ocirc;n mang n cho Qu&yacute; Kh&aacute;ch H&agrave;ng  nhng sn phm mang  <span><strong>T&Iacute;NH M THUT CAO NHT - CHT LNG CAO NHT - THI GIAN GIAO H&Agrave;NG NHANH  NHT</strong></span> v&agrave; <span><strong>GI&Aacute; TH&Agrave;NH HP L&Yacute; NHT</strong></span>.</p>\r\n<p>Ch&uacute;ng t&ocirc;i lu&ocirc;n sn s&agrave;ng  phc v Qu&yacute; Kh&aacute;ch. H&atilde;y li&ecirc;n h vi ch&uacute;ng t&ocirc;i khi bn c&oacute; nhu cu v lnh vc in n.</p>\r\n<p>Tr&acirc;n trng k&iacute;nh ch&agrave;o!</p>\r\n<p><strong>BGD C&ocirc;ng ty Vit IN</strong></p>', '', '1', null, '1', '0', '0', '/page/thu-ngo', null, '0', '2', '1', '', 'page', '2013-04-23 20:13:27', '0000-00-00 00:00:00');
INSERT INTO `nodes` VALUES ('28', null, '1', 'Bng gi', 'bang-gia', '<div class=\"contents\">\r\n<table border=\"1\" cellspacing=\"0\" cellpadding=\"0\">\r\n<tbody>\r\n<tr class=\"tr_title\" style=\"background-color: #f5f5f4; background-position: initial initial; background-repeat: initial initial;\">\r\n<td width=\"163\">\r\n<p><strong>S LNG IN</strong></p>\r\n</td>\r\n<td width=\"192\">\r\n<p><strong>KH IN</strong></p>\r\n</td>\r\n<td width=\"120\">\r\n<p><strong>N GI&Aacute;</strong></p>\r\n</td>\r\n<td width=\"144\">\r\n<p><strong>TH&Agrave;NH TIN</strong></p>\r\n</td>\r\n<td width=\"108\">\r\n<p><strong>GHI CH&Uacute;</strong></p>\r\n</td>\r\n</tr>\r\n<tr style=\"background-color: #eeeeed; background-position: initial initial; background-repeat: initial initial;\">\r\n<td width=\"163\">\r\n<p>001-3.000 t</p>\r\n</td>\r\n<td width=\"192\">\r\n<p>39 x 54 cm n 43 x 65 cm</p>\r\n</td>\r\n<td width=\"120\">\r\n<p>250.000 /km</p>\r\n</td>\r\n<td width=\"144\">\r\n<p>1.000.000 / 4 km</p>\r\n</td>\r\n<td width=\"108\">\r\n<p>Cha VAT 10%</p>\r\n</td>\r\n</tr>\r\n<tr style=\"background-color: #f5f5f4; background-position: initial initial; background-repeat: initial initial;\">\r\n<td width=\"163\">\r\n<p>3.001 -5000 t</p>\r\n</td>\r\n<td width=\"192\">\r\n<p>39 x 54 cm n 43 x 65 cm</p>\r\n</td>\r\n<td width=\"120\">\r\n<p>250.000 /km</p>\r\n</td>\r\n<td width=\"144\">\r\n<p>1.000.000 / 4 km</p>\r\n</td>\r\n<td width=\"108\">\r\n<p>Cha VAT 10%</p>\r\n</td>\r\n</tr>\r\n<tr style=\"background-color: #eeeeed; background-position: initial initial; background-repeat: initial initial;\">\r\n<td width=\"163\">\r\n<p>&gt; 5.000 t</p>\r\n</td>\r\n<td width=\"192\">\r\n<p>39 x 54 cm n 43 x 65 cm</p>\r\n</td>\r\n<td width=\"120\">\r\n<p>60 /m&agrave;u</p>\r\n</td>\r\n<td width=\"144\">\r\n<p>200 /t (01 mt)</p>\r\n</td>\r\n<td width=\"108\">\r\n<p>Cha VAT 10%</p>\r\n</td>\r\n</tr>\r\n<tr style=\"background-color: #f5f5f4; background-position: initial initial; background-repeat: initial initial;\">\r\n<td width=\"163\">\r\n<p>001-3.000 t</p>\r\n</td>\r\n<td width=\"192\">\r\n<p>54 x 79 cm (tr xung)</p>\r\n</td>\r\n<td width=\"120\">\r\n<p>250.000 /km</p>\r\n</td>\r\n<td width=\"144\">\r\n<p>1.000.000 / 4 km</p>\r\n</td>\r\n<td width=\"108\">\r\n<p>Cha VAT 10%</p>\r\n</td>\r\n</tr>\r\n<tr style=\"background-color: #eeeeed; background-position: initial initial; background-repeat: initial initial;\">\r\n<td width=\"163\">\r\n<p>3.001 -5.000 t</p>\r\n</td>\r\n<td width=\"192\">\r\n<p>54 x 79 cm (tr xung)</p>\r\n</td>\r\n<td width=\"120\">\r\n<p>275.000 /km</p>\r\n</td>\r\n<td width=\"144\">\r\n<p>1.100.000 / 4 km</p>\r\n</td>\r\n<td width=\"108\">\r\n<p>Cha VAT 10%</p>\r\n</td>\r\n</tr>\r\n<tr style=\"background-color: #f5f5f4; background-position: initial initial; background-repeat: initial initial;\">\r\n<td width=\"163\">\r\n<p>&gt; 5.000 t</p>\r\n</td>\r\n<td width=\"192\">\r\n<p>54 x 79 cm (tr xung)</p>\r\n</td>\r\n<td width=\"120\">\r\n<p>60  / m&agrave;u</p>\r\n</td>\r\n<td width=\"144\">\r\n<p>240 /t (01 mt)</p>\r\n</td>\r\n<td width=\"108\">\r\n<p>Cha VAT 10%</p>\r\n</td>\r\n</tr>\r\n<tr style=\"background-color: #eeeeed; background-position: initial initial; background-repeat: initial initial;\">\r\n<td width=\"163\">\r\n<p>001- 3.000 t</p>\r\n</td>\r\n<td width=\"192\">\r\n<p>65 x 86 cm (tr xung)</p>\r\n</td>\r\n<td width=\"120\">\r\n<p>300.000 /km</p>\r\n</td>\r\n<td width=\"144\">\r\n<p>1.200.000 / 4 km</p>\r\n</td>\r\n<td width=\"108\">\r\n<p>Cha VAT 10%</p>\r\n</td>\r\n</tr>\r\n<tr style=\"background-color: #f5f5f4; background-position: initial initial; background-repeat: initial initial;\">\r\n<td width=\"163\">\r\n<p>3.001 - 5.000 t</p>\r\n</td>\r\n<td width=\"192\">\r\n<p>65 x 86 cm (tr xung)</p>\r\n</td>\r\n<td width=\"120\">\r\n<p>350.000 /km</p>\r\n</td>\r\n<td width=\"144\">\r\n<p>1.400.000 / 4 km</p>\r\n</td>\r\n<td width=\"108\">\r\n<p>Cha VAT 10%</p>\r\n</td>\r\n</tr>\r\n<tr style=\"background-color: #eeeeed; background-position: initial initial; background-repeat: initial initial;\">\r\n<td width=\"163\">\r\n<p>5.001- 10.000 t</p>\r\n</td>\r\n<td width=\"192\">\r\n<p>65 x 86 cm (tr xung)</p>\r\n</td>\r\n<td width=\"120\">\r\n<p>70  / m&agrave;u</p>\r\n</td>\r\n<td width=\"144\">\r\n<p>280 /t (01 mt)</p>\r\n</td>\r\n<td width=\"108\">\r\n<p>Cha VAT 10%</p>\r\n</td>\r\n</tr>\r\n<tr style=\"background-color: #f5f5f4; background-position: initial initial; background-repeat: initial initial;\">\r\n<td width=\"163\">\r\n<p>10.001- 20.000 t</p>\r\n</td>\r\n<td width=\"192\">\r\n<p>65 x 86 cm (tr xung)</p>\r\n</td>\r\n<td width=\"120\">\r\n<p>65  / m&agrave;u</p>\r\n</td>\r\n<td width=\"144\">\r\n<p>260 /t (01 mt)</p>\r\n</td>\r\n<td width=\"108\">\r\n<p>Cha VAT 10%</p>\r\n</td>\r\n</tr>\r\n<tr style=\"background-color: #eeeeed; background-position: initial initial; background-repeat: initial initial;\">\r\n<td width=\"163\">\r\n<p>&gt; 20.000 t</p>\r\n</td>\r\n<td width=\"192\">\r\n<p>65 x 86 cm (tr xung)</p>\r\n</td>\r\n<td width=\"120\">\r\n<p>60  / m&agrave;u</p>\r\n</td>\r\n<td width=\"144\">\r\n<p>240 /t (01 mt)</p>\r\n</td>\r\n<td width=\"108\">\r\n<p>Cha VAT 10%</p>\r\n</td>\r\n</tr>\r\n<tr style=\"background-color: #f5f5f4; background-position: initial initial; background-repeat: initial initial;\">\r\n<td width=\"163\">\r\n<p>001-3.000 t</p>\r\n</td>\r\n<td width=\"192\">\r\n<p>&gt; 65x 86 cm</p>\r\n</td>\r\n<td width=\"120\">\r\n<p>450.000/km</p>\r\n</td>\r\n<td width=\"144\">\r\n<p>1.800.000 / 4km</p>\r\n</td>\r\n<td width=\"108\">\r\n<p>Cha VAT 10%</p>\r\n</td>\r\n</tr>\r\n<tr style=\"background-color: #eeeeed; background-position: initial initial; background-repeat: initial initial;\">\r\n<td width=\"163\">\r\n<p>3.001&ndash; 5.000 t</p>\r\n</td>\r\n<td width=\"192\">\r\n<p>&gt; 65x 86 cm</p>\r\n</td>\r\n<td width=\"120\">\r\n<p>500.000/km</p>\r\n</td>\r\n<td width=\"144\">\r\n<p>2.000.000 / 4km</p>\r\n</td>\r\n<td width=\"108\">\r\n<p>Cha VAT 10%</p>\r\n</td>\r\n</tr>\r\n<tr style=\"background-color: #f5f5f4; background-position: initial initial; background-repeat: initial initial;\">\r\n<td colspan=\"5\" width=\"727\" valign=\"top\">\r\n<p><strong><em>n gi&aacute; tr&ecirc;n cha bao gm VAT   (10%) v&agrave; ph&iacute; v&acirc;n chuyn </em></strong></p>\r\n</td>\r\n</tr>\r\n</tbody>\r\n</table>\r\n</div>', '', '1', null, '1', '0', '0', '/page/bang-gia', null, '0', '1', '2', '', 'page', '2013-04-23 20:19:41', '0000-00-00 00:00:00');
INSERT INTO `nodes` VALUES ('34', null, '0', 'screenshot', 'screenshot.png', '', null, '0', 'image/png', '1', '0', '0', '/uploads/screenshot.png', null, '0', '1', '2', null, 'attachment', '2013-04-29 12:48:56', '2013-04-29 12:48:56');
INSERT INTO `nodes` VALUES ('35', null, '0', 'thumb_6', 'thumb_6.jpg', '', null, '0', 'image/jpeg', '1', '0', '0', '/uploads/thumb_6.jpg', null, '0', '1', '2', null, 'attachment', '2013-04-29 15:15:33', '2013-04-29 15:15:33');
INSERT INTO `nodes` VALUES ('36', null, '0', 'vegetables_fruits_1x', 'vegetables_fruits_1x.png', '', null, '0', 'image/png', '1', '0', '0', '/uploads/vegetables_fruits_1x.png', null, '0', '1', '2', null, 'attachment', '2013-04-29 20:41:08', '2013-04-29 20:41:08');
INSERT INTO `nodes` VALUES ('37', null, '0', 'android-icons-set', 'android-icons-set.png', '', null, '0', 'image/png', '1', '0', '0', '/uploads/android-icons-set.png', null, '0', '1', '2', null, 'attachment', '2013-04-29 20:42:53', '2013-04-29 20:42:53');
INSERT INTO `nodes` VALUES ('45', null, '0', 'mobile_homed', 'mobile_homed.jpg', '', null, '0', 'image/jpeg', '1', '0', '0', '/uploads/mobile_homed.jpg', null, '0', '1', '2', null, 'attachment', '2013-04-29 21:11:19', '2013-04-29 21:11:19');
INSERT INTO `nodes` VALUES ('46', null, '0', 'wip_f100_wrecker_textured_1x', 'wip_f100_wrecker_textured_1x.jpg', '', null, '0', 'image/jpeg', '1', '0', '0', '/uploads/wip_f100_wrecker_textured_1x.jpg', null, '0', '1', '2', null, 'attachment', '2013-04-29 22:27:54', '2013-04-29 22:27:54');
INSERT INTO `nodes` VALUES ('47', null, '0', 'grandmother-at-a-party_1x', 'grandmother-at-a-party_1x.jpg', '', null, '0', 'image/jpeg', '1', '0', '0', '/uploads/grandmother-at-a-party_1x.jpg', null, '0', '1', '2', null, 'attachment', '2013-04-30 02:02:59', '2013-04-30 02:02:59');
INSERT INTO `nodes` VALUES ('48', null, '0', 'icon_fril_1x', 'icon_fril_1x.png', '', null, '0', 'image/png', '1', '0', '0', '/uploads/icon_fril_1x.png', null, '0', '1', '2', null, 'attachment', '2013-04-30 02:07:00', '2013-04-30 02:07:00');
INSERT INTO `nodes` VALUES ('49', null, '0', 'thumb_1', 'thumb_1.jpg', '', null, '0', 'image/jpeg', '1', '0', '0', '/uploads/thumb_1.jpg', null, '0', '1', '2', null, 'attachment', '2013-04-30 02:07:56', '2013-04-30 02:07:56');
INSERT INTO `nodes` VALUES ('50', null, '0', 'satellite_study_1x', 'satellite_study_1x.png', '', null, '0', 'image/png', '1', '0', '0', '/uploads/satellite_study_1x.png', null, '0', '1', '2', null, 'attachment', '2013-04-30 02:08:06', '2013-04-30 02:08:06');
INSERT INTO `nodes` VALUES ('51', null, '0', 'thumb_4', 'thumb_4.jpg', '', null, '0', 'image/jpeg', '1', '0', '0', '/uploads/thumb_4.jpg', null, '0', '1', '2', null, 'attachment', '2013-04-30 02:08:15', '2013-04-30 02:08:15');
INSERT INTO `nodes` VALUES ('52', null, '0', 'thumb_3', 'thumb_3.jpg', '', null, '0', 'image/jpeg', '1', '0', '0', '/uploads/thumb_3.jpg', null, '0', '1', '2', null, 'attachment', '2013-04-30 02:08:24', '2013-04-30 02:08:24');
INSERT INTO `nodes` VALUES ('53', null, '0', 'thumb_7', 'thumb_7.jpg', '', null, '0', 'image/jpeg', '1', '0', '0', '/uploads/thumb_7.jpg', null, '0', '1', '2', null, 'attachment', '2013-04-30 02:08:31', '2013-04-30 02:08:31');
INSERT INTO `nodes` VALUES ('54', null, '0', 'thumb_6', '517ec53d-dff0-40b1-8ab6-1b8c1c47f2e6-thumb_6.jpg', '', null, '0', 'image/jpeg', '1', '0', '0', '/uploads/517ec53d-dff0-40b1-8ab6-1b8c1c47f2e6-thumb_6.jpg', null, '0', '1', '2', null, 'attachment', '2013-04-30 02:08:45', '2013-04-30 02:08:45');
INSERT INTO `nodes` VALUES ('55', null, '0', 'thumb_3', '517ec548-a838-4ea7-9286-1b8c1c47f2e6-thumb_3.jpg', '', null, '0', 'image/jpeg', '1', '0', '0', '/uploads/517ec548-a838-4ea7-9286-1b8c1c47f2e6-thumb_3.jpg', null, '0', '1', '2', null, 'attachment', '2013-04-30 02:08:56', '2013-04-30 02:08:56');
INSERT INTO `nodes` VALUES ('57', null, '0', 'facebook-cap-nhat-bang-emoticon-moi', 'facebook-cap-nhat-bang-emoticon-moi.png', '', null, '0', 'image/png', '1', '0', '0', '/uploads/facebook-cap-nhat-bang-emoticon-moi.png', null, '0', '1', '2', null, 'attachment', '2013-04-30 20:38:24', '2013-04-30 20:38:24');
INSERT INTO `nodes` VALUES ('58', null, '0', 'thumb_17', 'thumb_17.jpg', '', null, '0', 'image/jpeg', '1', '0', '0', '/uploads/thumb_17.jpg', null, '0', '1', '2', null, 'attachment', '2013-04-30 20:38:57', '2013-04-30 20:38:57');
INSERT INTO `nodes` VALUES ('59', null, '0', 'thumb_10', 'thumb_10.jpg', '', null, '0', 'image/jpeg', '1', '0', '0', '/uploads/thumb_10.jpg', null, '0', '1', '2', null, 'attachment', '2013-05-01 20:37:07', '2013-05-01 20:37:07');
INSERT INTO `nodes` VALUES ('60', null, '0', 'thumb_9', 'thumb_9.jpg', '', null, '0', 'image/jpeg', '1', '0', '0', '/uploads/thumb_9.jpg', null, '0', '3', '4', null, 'attachment', '2013-05-01 20:58:21', '2013-05-01 20:58:21');
INSERT INTO `nodes` VALUES ('61', null, '0', 'weatherly_1x', 'weatherly_1x.png', '', null, '0', 'image/png', '1', '0', '0', '/uploads/weatherly_1x.png', null, '0', '3', '4', null, 'attachment', '2013-05-02 07:34:06', '2013-05-02 07:34:06');
INSERT INTO `nodes` VALUES ('62', null, '0', 'logo', 'logo.jpg', '', null, '0', 'image/jpeg', '1', '0', '0', '/uploads/logo.jpg', null, '0', '3', '4', null, 'attachment', '2013-05-03 13:10:38', '2013-05-03 13:10:38');
INSERT INTO `nodes` VALUES ('63', null, '0', 'chim-vang', 'images (1).jpg', '', '', '0', 'image/jpeg', '1', '0', '0', '/uploads/images (1).jpg', null, '0', '3', '4', null, 'attachment', '2013-05-03 13:21:54', '2013-05-03 13:20:25');
INSERT INTO `nodes` VALUES ('64', null, '0', 'bird Animal Wallpaper', 'bird Animal Wallpaper.jpg', '', null, '0', 'image/jpeg', '1', '0', '0', '/uploads/bird Animal Wallpaper.jpg', null, '0', '3', '4', null, 'attachment', '2013-05-03 13:22:46', '2013-05-03 13:22:46');
INSERT INTO `nodes` VALUES ('65', null, '0', 'birds-the-animal-kingdom-250702_1024_768', 'birds-the-animal-kingdom-250702_1024_768.jpg', '', null, '0', 'image/jpeg', '1', '0', '0', '/uploads/birds-the-animal-kingdom-250702_1024_768.jpg', null, '0', '5', '6', null, 'attachment', '2013-05-03 13:22:52', '2013-05-03 13:22:52');
INSERT INTO `nodes` VALUES ('66', null, '0', 'animal_1', 'animal_1.jpg', '', null, '0', 'image/jpeg', '1', '0', '0', '/uploads/animal_1.jpg', null, '0', '7', '8', null, 'attachment', '2013-05-03 13:22:58', '2013-05-03 13:22:58');
INSERT INTO `nodes` VALUES ('67', null, '0', 'animal_101', 'animal_101.jpg', '', null, '0', 'image/jpeg', '1', '0', '0', '/uploads/animal_101.jpg', null, '0', '9', '10', null, 'attachment', '2013-05-03 13:23:06', '2013-05-03 13:23:06');
INSERT INTO `nodes` VALUES ('68', null, '0', 'images', 'images.jpg', '', null, '0', 'image/jpeg', '1', '0', '0', '/uploads/images.jpg', null, '0', '11', '12', null, 'attachment', '2013-05-03 13:23:14', '2013-05-03 13:23:14');
INSERT INTO `nodes` VALUES ('69', null, '0', 'kids-sad-horses-x-funny-animal-picture-beautiful-animals-261932', 'kids-sad-horses-x-funny-animal-picture-beautiful-animals-261932.jpg', '', null, '0', 'image/jpeg', '1', '0', '0', '/uploads/kids-sad-horses-x-funny-animal-picture-beautiful-animals-261932.jpg', null, '0', '13', '14', null, 'attachment', '2013-05-03 13:23:26', '2013-05-03 13:23:26');
INSERT INTO `nodes` VALUES ('70', null, '0', 'pink_animal-wide', 'pink_animal-wide.jpg', '', null, '0', 'image/jpeg', '1', '0', '0', '/uploads/pink_animal-wide.jpg', null, '0', '15', '16', null, 'attachment', '2013-05-03 13:23:34', '2013-05-03 13:23:34');
INSERT INTO `nodes` VALUES ('71', null, '0', 'images', '51835802-7ff0-408a-a743-13c01c47f2e6-images.jpg', '', null, '0', 'image/jpeg', '1', '0', '0', '/uploads/51835802-7ff0-408a-a743-13c01c47f2e6-images.jpg', null, '0', '17', '18', null, 'attachment', '2013-05-03 13:24:02', '2013-05-03 13:24:02');
INSERT INTO `nodes` VALUES ('72', null, '0', 'images (1)', '51835892-f844-44f1-97c5-13c01c47f2e6-images (1).jpg', '', null, '0', 'image/jpeg', '1', '0', '0', '/uploads/51835892-f844-44f1-97c5-13c01c47f2e6-images (1).jpg', null, '0', '19', '20', null, 'attachment', '2013-05-03 13:26:26', '2013-05-03 13:26:26');
INSERT INTO `nodes` VALUES ('73', null, '0', 'pet-animal-dog_7', 'pet-animal-dog_7.jpg', '', null, '0', 'image/jpeg', '1', '0', '0', '/uploads/pet-animal-dog_7.jpg', null, '0', '21', '22', null, 'attachment', '2013-05-03 13:26:55', '2013-05-03 13:26:55');
INSERT INTO `nodes` VALUES ('74', null, '0', 'images (2)', 'images (2).jpg', '', null, '0', 'image/jpeg', '1', '0', '0', '/uploads/images (2).jpg', null, '0', '23', '24', null, 'attachment', '2013-05-03 13:27:22', '2013-05-03 13:27:22');
INSERT INTO `nodes` VALUES ('75', null, '0', 'huu-cao-co', 'huu-cao-co.jpg', '', null, '0', 'image/jpeg', '1', '0', '0', '/uploads/huu-cao-co.jpg', null, '0', '25', '26', null, 'attachment', '2013-05-03 20:22:07', '2013-05-03 20:22:07');
INSERT INTO `nodes` VALUES ('90', null, '0', 'WP3.0-ERD', 'WP3.0-ERD.png', '', null, '0', 'image/png', '1', '0', '0', '/uploads/WP3.0-ERD.png', null, '0', '27', '28', null, 'attachment', '2013-05-04 12:06:22', '2013-05-04 12:06:22');
INSERT INTO `nodes` VALUES ('91', null, '0', 'facebook-cap-nhat-bang-emoticon-moi', '51849789-d338-452a-8546-05d01c47f2e6-facebook-cap-nhat-bang-emoticon-moi.png', '', null, '0', 'image/png', '1', '0', '0', '/uploads/51849789-d338-452a-8546-05d01c47f2e6-facebook-cap-nhat-bang-emoticon-moi.png', null, '0', '29', '30', null, 'attachment', '2013-05-04 12:07:21', '2013-05-04 12:07:21');
INSERT INTO `nodes` VALUES ('92', null, '0', 'huu-cao-co', '518497a6-cc94-4d69-8ed1-05d01c47f2e6-huu-cao-co.jpg', '', null, '0', 'image/jpeg', '1', '0', '0', '/uploads/518497a6-cc94-4d69-8ed1-05d01c47f2e6-huu-cao-co.jpg', null, '0', '31', '32', null, 'attachment', '2013-05-04 12:07:50', '2013-05-04 12:07:50');

-- ----------------------------
-- Table structure for `nodes_taxonomies`
-- ----------------------------
DROP TABLE IF EXISTS `nodes_taxonomies`;
CREATE TABLE `nodes_taxonomies` (
  `id` int(20) NOT NULL AUTO_INCREMENT,
  `node_id` int(20) NOT NULL DEFAULT '0',
  `taxonomy_id` int(20) NOT NULL,
  PRIMARY KEY (`id`)
) ENGINE=InnoDB AUTO_INCREMENT=2 DEFAULT CHARSET=utf8 COLLATE=utf8_unicode_ci;

-- ----------------------------
-- Records of nodes_taxonomies
-- ----------------------------
INSERT INTO `nodes_taxonomies` VALUES ('1', '1', '1');

-- ----------------------------
-- Table structure for `products`
-- ----------------------------
DROP TABLE IF EXISTS `products`;
CREATE TABLE `products` (
  `id` int(11) NOT NULL AUTO_INCREMENT,
  `title` varchar(255) COLLATE utf8_unicode_ci DEFAULT NULL,
  `excerpt` text COLLATE utf8_unicode_ci,
  `description` text COLLATE utf8_unicode_ci,
  `images` varchar(255) COLLATE utf8_unicode_ci DEFAULT NULL,
  `slug` varchar(255) COLLATE utf8_unicode_ci DEFAULT NULL,
  `path` varchar(255) COLLATE utf8_unicode_ci DEFAULT NULL,
  `parent` int(1) DEFAULT '1',
  `imglistid` varchar(255) COLLATE utf8_unicode_ci DEFAULT NULL,
  `updated` datetime DEFAULT NULL,
  `created` datetime DEFAULT NULL,
  `status` tinyint(1) DEFAULT '1',
  PRIMARY KEY (`id`)
) ENGINE=InnoDB AUTO_INCREMENT=62 DEFAULT CHARSET=utf8 COLLATE=utf8_unicode_ci;

-- ----------------------------
-- Records of products
-- ----------------------------
INSERT INTO `products` VALUES ('1', 'Sn phm', '', '', '', 'san-pham', '/san-pham.html', '0', null, '2000-00-00 00:00:00', '2000-00-00 00:00:00', '1');
INSERT INTO `products` VALUES ('11', 'V nghi phm nh bom Boston khng nhn xc chng', 'Ngi v ga ca Tamerlan Tsarnaev, nghi phm nh bom gii chy marathon ti thnh ph Boston, mun gii chc M trao xc ca y cho gia nh.', '<table id=\"tbl0\" border=\"0\" cellspacing=\"0\" cellpadding=\"3\" width=\"1\" align=\"center\">\r\n<tbody>\r\n<tr>\r\n<td><img src=\"http://vnexpress.net/Files/Subject/3b/be/41/a4/katherine_russell_5.jpg\" alt=\"Katherine Russell, v ca Tamerlan Tsarnaev, ri khi vn ph&ograve;ng ca lut s\" width=\"380\" height=\"562\" /></td>\r\n</tr>\r\n<tr>\r\n<td class=\"Image\">Katherine Russell, v ca Tamerlan Tsarnaev, ri khi  vn ph&ograve;ng ca lut s Amato DeLuca ti th&agrave;nh ph Providence, bang Rhode  Island h&ocirc;m 29/4. Lut s DeLuca i b&ecirc;n cnh c&ocirc;. nh: <em>AP</em>.</td>\r\n</tr>\r\n</tbody>\r\n</table>\r\n<p class=\"Normal\">C&aacute;c nh&agrave; iu tra &atilde; thm vn Katherine Russell, v ca  Tamerlan,  t&igrave;m hiu qu&aacute; tr&igrave;nh ch to bom ca hai anh em Tsarnave v&agrave;  liu ai &oacute; gi&uacute;p h hay kh&ocirc;ng.</p>\r\n<p class=\"Normal\">\"Katherine Russell mun gia &igrave;nh Tsarnave nhn x&aacute;c ca  Tamerlan. Ch&uacute;ng t&ocirc;i s th&ocirc;ng b&aacute;o ti nh&agrave; chc tr&aacute;ch v nguyn vng ca  c&ocirc; y\", <em>Reuters</em> dn li Amato DeLuca, mt lut s ca Katherine Russell.</p>\r\n<p class=\"Normal\">Ch&uacute; ca Tamerlan Tsarnaev l&agrave; &ocirc;ng Ruslan Tsarni h&ocirc;m qua  cho bit gia &igrave;nh s nhn thi th ca anh ta. \"Tt nhi&ecirc;n, c&aacute;c th&agrave;nh  vi&ecirc;n gia &igrave;nh s nhn ly c&aacute;i x&aacute;c. Ch&uacute;ng t&ocirc;i s l&agrave;m iu &oacute;. Ch&uacute;ng t&ocirc;i  s l&agrave;m iu &oacute;. Gia &igrave;nh vn l&agrave; gia &igrave;nh\".</p>\r\n<p class=\"Normal\">&Ocirc;ng Tsarni kh&ocirc;ng n&oacute;i th&ecirc;m chi tit v vic nhn li  thi h&agrave;i. Tsarnaev &atilde; c kh&aacute;m nghim ph&aacute;p y xong v&agrave; ang nm ti ph&ograve;ng  kh&aacute;m nghim ca gii chc. Nguy&ecirc;n nh&acirc;n ch&iacute;nh x&aacute;c dn n c&aacute;i cht ca y  &atilde; c x&aacute;c nh v&agrave; s c c&ocirc;ng b sau khi y tr v vi gia &igrave;nh.</p>\r\n<p class=\"Normal\">Cha m ca Tamerlan hin vn  Nga, nhng y c&ograve;n nhng ngi h h&agrave;ng kh&aacute;c  M, trong &oacute; c&oacute; &ocirc;ng ch&uacute; Tsarni.</p>\r\n<p class=\"Normal\">Ngi v g&oacute;a 24 tui &atilde; tr v th&agrave;nh ph Providence,  bang Rhode Island  sng vi b, m. C&aacute;c chuy&ecirc;n gia ca Cc iu tra  li&ecirc;n bang M (FBI) &atilde; gp c&ocirc; v&agrave;i gi trong tun trc. \"Trong nhng ng&agrave;y  ti, Katherine s tip tc gp lc lng h&agrave;nh ph&aacute;p  h tr qu&aacute; tr&igrave;nh  iu tra ca h\", DeLuca n&oacute;i th&ecirc;m.</p>', '/uploads/grandmother-at-a-party_1x.jpg', 'vo-nghi-pham-danh-bom-boston-khong-nhan-xac-chong', '/san-pham/vo-nghi-pham-danh-bom-boston-khong-nhan-xac-chong-11.html', '46', '61,60,58,57,54,61,59,50,49,48,45,', '2013-05-03 16:42:50', '2013-04-24 09:44:11', '1');
INSERT INTO `products` VALUES ('35', ' Rooney i ni chuyn thng thn vi Ferguson', 'S xut hin ca Robert Lewandowski hoc Radamel Falcao c th y tin o ngi Anh khi sn Old Trafford trong k chuyn nhng h.', '<p>&nbsp; Ngun tin ri&ecirc;ng ca t Telegraph (Anh) s&aacute;ng nay cho bit, Wayne Rooney  &atilde; y&ecirc;u cu mt cuc n&oacute;i chuyn thng thn vi HLV Alex Ferguson trc  khi &agrave;m ph&aacute;n gia hn hp ng. Ni dung cuc n&oacute;i chuyn s xoay quanh  vic Sir Alex phi m bo cho R10 mt sut &aacute; ch&iacute;nh tr&ecirc;n h&agrave;ng tin o.</p>\r\n<p>V tr&iacute; ca Rooney  MU bt u lung lay khi Robin Van Persie xut hin  v&agrave; li&ecirc;n tc ghi b&agrave;n cho i b&oacute;ng mi. Mt dn c hi chi tr&ecirc;n h&agrave;ng tin  o, ch&acirc;n s&uacute;t s mt i tuyn Anh lm l&uacute;c phi ra s&acirc;n trong vai tr&ograve;  tin v c&ocirc;ng.</p>\r\n<table class=\"tplCaption\" border=\"0\" cellspacing=\"0\" cellpadding=\"3\" width=\"1\" align=\"center\">\r\n<tbody>\r\n<tr>\r\n<td><img src=\"http://l.f1.img.vnexpress.net/2013/05/01/rooney-jpg-1367413943_500x0.jpg\" alt=\"rooney-jpg-1367413943_500x0.jpg\" width=\"500\" /></td>\r\n</tr>\r\n</tbody>\r\n</table>\r\n<p>T&igrave;nh h&igrave;nh ca Rooney c&agrave;ng &aacute;ng lo hn khi c&oacute; tin Sir Alex ang mun b  sung mt tin o ng cp cho MU. Nu nh tin n l&agrave; &uacute;ng th&igrave; mc ti&ecirc;u  ca &ocirc;ng l&agrave; mt trong hai c&aacute;i t&ecirc;n ang ni &igrave;nh ni &aacute;m, Robert  Lewandowski v&agrave; Radamel Falcao.</p>\r\n<p>Theo Telegraph, ch khi Sir Alex m bo mt sut tin o &aacute; ch&iacute;nh,  Rooney mi ng &yacute; &agrave;m ph&aacute;n gia hn hp ng. Hin R10 c&ograve;n hai nm hp  ng vi mc lng 250.000 bng/tun.</p>\r\n<p>Trong trng hp kh&ocirc;ng t c &yacute; nguyn, c&oacute; kh nng Rooney s ra i.  &iacute;ch n c&oacute; th l&agrave; mt trong ba CLB Chelsea, PSG hoc Man City.</p>', '/uploads/517ec53d-dff0-40b1-8ab6-1b8c1c47f2e6-thumb_6.jpg', '-rooney-doi-noi-chuyen-thang-than-voi-ferguson', '/san-pham/-rooney-doi-noi-chuyen-thang-than-voi-ferguson-35.html', '46', '', '2013-05-03 16:42:52', '2013-04-29 21:32:54', '1');
INSERT INTO `products` VALUES ('36', 'Nhng smartphone mn hnh rng gi tt', 'Kch thc mn hnh ca in thoi ngy cng rng hn, nhiu model xp x trn di 5 inch gi bn kh hp dn khi nm  phn khc tm trung t 5 cho ti 10 triu ng. ', '<p class=\"Normal\">&nbsp; Nu nh nm ngo&aacute;i, ngi d&ugrave;ng phi b ti hn 13, 14 triu ng  c&oacute;  th s hu c mt chic smartphone Android c&oacute; m&agrave;n h&igrave;nh rng tm hn 5  inch nh Note hay Note II th&igrave; nm ngay, nhiu nh&agrave; sn xut ang tn c&ocirc;ng  th trng smartphone tm trung vi nhiu sn phm m&agrave;n h&igrave;nh rng xp x  5 inch hoc ln hn. Thm ch&iacute;, c&oacute; model m&agrave;n h&igrave;nh 5 inch nhng gi&aacute; cha  ti 5 triu ng, hay&nbsp; c trang b c m&agrave;n h&igrave;nh Full HD 5 inch nhng  ni&ecirc;m yt cha n 10 triu ng.</p>\r\n<p class=\"Normal\">X&eacute;t v gi&aacute; c&ugrave;ng vi nhng c&ocirc;ng ngh, cht lng v&agrave;  ln ca m&agrave;n h&igrave;nh,  di &acirc;y l&agrave; nhng smartphone (ch&iacute;nh h&atilde;ng) m&agrave;n h&igrave;nh rng c&oacute; gi&aacute; hp dn  nht tr&ecirc;n th trng hin nay.</p>\r\n<p class=\"subtitle\"><a href=\"http://sohoa.vnexpress.net/oppo-find-5/topic-9121.html\">Oppo Find 5 (9,9 triu ng)</a></p>\r\n<table class=\"tplCaption\" border=\"0\" cellspacing=\"0\" cellpadding=\"3\" width=\"1\" align=\"center\">\r\n<tbody>\r\n<tr>\r\n<td><img src=\"http://l.f5.img.vnexpress.net/2013/05/01/IMG-0035-JPG-1367383454_500x0.jpg\" alt=\"IMG-0035-JPG-1367383454_500x0.jpg\" width=\"500\" /></td>\r\n</tr>\r\n<tr>\r\n<td class=\"Image\">FInd 5 s hu m&agrave;n h&igrave;nh p vi  ph&acirc;n gii Full HD. nh: <em>Tun Anh.</em></td>\r\n</tr>\r\n</tbody>\r\n</table>\r\n<p class=\"Normal\">X&eacute;t v mc gi&aacute; v&agrave; cht lng m&agrave;n h&igrave;nh, Find 5 l&agrave; chic smartphone g&acirc;y  nhiu ch&uacute; &yacute; khi s hu m&agrave;n h&igrave;nh p, sc n&eacute;t vi  ph&acirc;n gii Full HD v&agrave;  k&iacute;ch thc 5 inch, trong khi so vi c&aacute;c i th c&ugrave;ng k&iacute;ch thc v&agrave; cu  h&igrave;nh nh Xperia Z, ZL th&igrave; gi&aacute; thp hn kh&aacute; nhiu.</p>\r\n<p class=\"Normal\">Find 5 s hu chip l&otilde;i t Qualcomm Snapdragon S4 Pro c&ugrave;ng RAM 2 GB,  camera 13 megapixel s dng cm bin Exmor RS i mi c&ugrave;ng thit k  nguy&ecirc;n khi hp dn. M&aacute;y chy Android 4.1.2 vi giao din ri&ecirc;ng.</p>', '/uploads/wip_f100_wrecker_textured_1x.jpg', 'nhung-smartphone-man-hinh-rong-gia-tot', '/san-pham/nhung-smartphone-man-hinh-rong-gia-tot-36.html', '46', '', '2013-05-03 16:42:53', '2013-04-29 22:26:55', '1');
INSERT INTO `products` VALUES ('37', 'Khuyn mi \'khng\'  x hng tn kho ', 'Do tnh hnh kh khn, nhiu doanh nghip, n v kinh doanh nh phi khuyn mi, gim gi trn 50%, d theo lut iu ny l khng c php.', '<table border=\"0\" cellspacing=\"0\" cellpadding=\"3\" width=\"100%\">\r\n<tbody>\r\n<tr>\r\n<td><img src=\"http://vnexpress.net/Files/Subject/3b/be/3e/92/bang.jpg\" border=\"1\" alt=\"\" width=\"490\" height=\"383\" /></td>\r\n</tr>\r\n<tr>\r\n<td class=\"Image\" align=\"left\">Theo Ngh nh 37/2006 quy nh chi tit  Lut thng mi, mc gim gi&aacute; ti a vi h&agrave;ng h&oacute;a dch v trong mt  chng tr&igrave;nh khuyn m&atilde;i, gim gi&aacute; kh&ocirc;ng c vt qu&aacute; 50% gi&aacute; tr h&agrave;ng  h&oacute;a (tr trng hp h&igrave;nh thc khuyn m&atilde;i h&agrave;ng mu  kh&aacute;ch d&ugrave;ng th  kh&ocirc;ng phi tr tin). Tuy nhi&ecirc;n, trong bi cnh kh&oacute; khn hin nay, nhiu  ch doanh nghip &atilde; tn dng khuyn m&atilde;i l&ecirc;n n 70%. nh chp ti mt  ca h&agrave;ng  qun 7.</td>\r\n</tr>\r\n<tr>\r\n<td><img src=\"http://vnexpress.net/Files/Subject/3b/be/3e/92/bang-3.jpg\" border=\"1\" alt=\"\" width=\"350\" height=\"448\" /></td>\r\n</tr>\r\n<tr>\r\n<td class=\"Image\" align=\"left\">Mt ca h&agrave;ng b&aacute;n qun &aacute;o tr&ecirc;n ng Nguyn &igrave;nh Chiu, qun 3 trng bng sale 60% ra hn l ng nhm thu h&uacute;t kh&aacute;ch.</td>\r\n</tr>\r\n<tr>\r\n<td><img src=\"http://vnexpress.net/Files/Subject/3b/be/3e/92/bang-7.jpg\" border=\"1\" alt=\"\" width=\"490\" height=\"331\" /></td>\r\n</tr>\r\n<tr>\r\n<td class=\"Image\" align=\"left\">Chi&ecirc;u gim gi&aacute;  x h&agrave;ng vi gi&aacute; tr l&ecirc;n n 50-70%.</td>\r\n</tr>\r\n<tr>\r\n<td><img src=\"http://vnexpress.net/Files/Subject/3b/be/3e/92/bang-6.jpg\" border=\"1\" alt=\"\" width=\"350\" height=\"500\" /></td>\r\n</tr>\r\n<tr>\r\n<td class=\"Image\" align=\"left\">Mt ca h&agrave;ng  bin khuyn m&atilde;i sau t  k&iacute;nh vi gi&aacute; u &atilde;i trong th&aacute;ng 4 gim 70%. Hu ht c&aacute;c ch ca h&agrave;ng  khuyn m&atilde;i \"khng\" tr&ecirc;n u cho bit m&igrave;nh ch gim gi&aacute; 60-70% i vi  h&agrave;ng tn kho, c&ograve;n  mi th&igrave; kh&ocirc;ng.&nbsp;</td>\r\n</tr>\r\n</tbody>\r\n</table>', '/uploads/grandmother-at-a-party_1x.jpg', 'khuyen-mai-\'khung\'-de-xa-hang-ton-kho-', '/san-pham/khuyen-mai-\'khung\'-de-xa-hang-ton-kho--37.html', '46', '', '2013-05-03 16:42:55', '2013-04-30 02:03:09', '1');
INSERT INTO `products` VALUES ('38', 'Nhng mn pho hoa n tng ti  Nng ', '5 i gm M, Nht Bn, Italia, Nga v ch nh  Nng  c nhng mn trnh din p mt ti thnh ph nh sng, c ngi xem thn phc. ', '<table id=\"tbl1\" border=\"0\" cellspacing=\"0\" cellpadding=\"3\" width=\"1\" align=\"center\">\r\n<tbody>\r\n<tr>\r\n<td><img src=\"http://vnexpress.net/Files/Subject/3b/be/41/a9/doi_my_2.jpg\" border=\"1\" alt=\"D&agrave;nh gii nht cuc tr&igrave;nh din ln n&agrave;y,\" width=\"400\" height=\"600\" /></td>\r\n</tr>\r\n<tr>\r\n<td class=\"Image\">Gi&agrave;nh gii nht cuc tr&igrave;nh din ln n&agrave;y, \"D&aacute;ng em &ecirc;m  nay\" ca i M &atilde; chinh phc c ban gi&aacute;m kho v&agrave; h&agrave;ng chc ngh&igrave;n kh&aacute;n  gi. Nh&igrave;n t xa, ph&aacute;o hoa ca i M kt hp t&agrave;i t&igrave;nh vi hiu ng &aacute;nh  s&aacute;ng.</td>\r\n</tr>\r\n</tbody>\r\n</table>\r\n<table id=\"tbl2\" border=\"0\" cellspacing=\"0\" cellpadding=\"3\" width=\"1\" align=\"center\">\r\n<tbody>\r\n<tr>\r\n<td><img src=\"http://vnexpress.net/Files/Subject/3b/be/41/a9/doi_my1.jpg\" border=\"1\" alt=\"Nh&igrave;n t khu vc kh&aacute;n &agrave;i, i M kt hp t&agrave;i t&igrave;nh nhng l&agrave;n ph&aacute;o di mt nc n s\" width=\"400\" height=\"600\" /></td>\r\n</tr>\r\n<tr>\r\n<td class=\"Image\">Nh&igrave;n t khu vc kh&aacute;n &agrave;i, i M kt hp m&agrave;n ph&aacute;o di mt nc vi m&agrave;n biu din tr&ecirc;n kh&ocirc;ng trung.</td>\r\n</tr>\r\n</tbody>\r\n</table>\r\n<table id=\"tbl5\" border=\"0\" cellspacing=\"0\" cellpadding=\"3\" width=\"1\" align=\"center\">\r\n<tbody>\r\n<tr>\r\n<td><img src=\"http://vnexpress.net/Files/Subject/3b/be/41/a9/nhat.jpg\" border=\"1\" alt=\"To th&agrave;nh nhng c&acirc;y hoa theo ch \" width=\"400\" height=\"600\" /></td>\r\n</tr>\r\n<tr>\r\n<td class=\"Image\">i Nht Bn khai ha u ti&ecirc;n trong &ecirc;m tr&igrave;nh din  th hai (30/4) v&agrave; n tng vi nhng t ph&aacute;o v&uacute;t cao, to th&agrave;nh nhng  c&acirc;y hoa theo ch  \"Mt khu vn tr&ecirc;n bu tri\".</td>\r\n</tr>\r\n</tbody>\r\n</table>', '/uploads/icon_fril_1x.png', 'nhung-man-phao-hoa-an-tuong-tai-da-nang-', '/san-pham/nhung-man-phao-hoa-an-tuong-tai-da-nang--38.html', '46', '', '2013-05-03 16:42:56', '2013-04-30 02:07:18', '1');
INSERT INTO `products` VALUES ('39', 'TR - o thun in hnh hng Thi Lan', 'Tng thng M Barack Obama bo v cch thc x l ca ng i vi cuc khng hong ti Syria, v nh bom ti thnh ph Boston v  cp nhiu vn  khc trong cuc hp bo trong ngy th 100 ca nhim k th hai.', '<table id=\"tbl0\" border=\"0\" cellspacing=\"0\" cellpadding=\"3\" width=\"1\" align=\"center\">\r\n<tbody>\r\n<tr>\r\n<td><img src=\"http://vnexpress.net/Files/Subject/3b/be/41/a7/obama_0.jpg\" alt=\"Tng thng Barack Obama trong cuc hp b&aacute;o nh&acirc;n dp 100 ng&agrave;y trong nhim k hai ca &ocirc;ng h&ocirc;m 30/4. nh: AFP.\" width=\"460\" height=\"327\" /></td>\r\n</tr>\r\n<tr>\r\n<td class=\"Image\">Tng thng Barack Obama trong cuc hp b&aacute;o nh&acirc;n dp 100 ng&agrave;y trong nhim k hai ca &ocirc;ng h&ocirc;m 30/4. nh: <em>AFP</em>.</td>\r\n</tr>\r\n</tbody>\r\n</table>\r\n<p class=\"Normal\">Trong cuc hp b&aacute;o h&ocirc;m 30/4, &ocirc;ng ch Nh&agrave; Trng b&aacute;c b  lun iu ca nhng ngi k&ecirc;u gi M tng cng mc  can d v&agrave;o cuc  khng hong ti Syria. &Ocirc;ng khng nh bng chng v vic Tng thng  Syria s dng v kh&iacute; h&oacute;a hc s l&agrave; mt yu t khin M phi xem x&eacute;t kh  nng can thip, song Washington s kh&ocirc;ng kt lun mt c&aacute;ch vi v&agrave;ng, <em>AP</em> a tin.</p>\r\n<p class=\"Normal\">\"Ch&uacute;ng ta kh&ocirc;ng bit c&aacute;ch thc, thi gian, i tng  s dng nhng v kh&iacute; h&oacute;a hc ti Syria. M cha c&oacute;  bng chng  hiu  nhng s vic &atilde; din ra. T&ocirc;i mun m bo rng t&ocirc;i c&oacute; s tht\", Obama  n&oacute;i.</p>\r\n<p class=\"Normal\">&Ocirc;ng Obama gii th&iacute;ch rng, nu M vi v&agrave;ng kt lun  ch&iacute;nh ph Syria s dng cht c thn kinh khi cha c&oacute; bng chng &aacute;ng  tin cy th&igrave; Nh&agrave; Trng s kh&ocirc;ng th nhn s ng h ca cng ng quc t  khi can thip v&agrave;o Syria.</p>\r\n<p class=\"Normal\">\"V&igrave; th ch&uacute;ng ta phi x l&yacute; s vic n&agrave;y mt c&aacute;ch thn trng\", &ocirc;ng nhn nh.</p>\r\n<p class=\"Normal\">Mt s ngh s Cng h&ograve;a n&oacute;i v &aacute;nh bom gii marathon  ti th&agrave;nh ph Boston l&agrave; mt tht bi ca gii t&igrave;nh b&aacute;o M. Nhng Obama  b&aacute;c b lp lun ca h. Theo &ocirc;ng, c&aacute;c nh&agrave; iu tra &atilde; th hin n lc  phi thng trong qu&aacute; tr&igrave;nh t&igrave;m kim th phm ca v &aacute;nh bom v&agrave; l&yacute; do  khin Tamerlan v&agrave; Dzhokhar Tsarnaev, hai nghi phm ca v khng b, k&iacute;ch  n hai qu bom khin ba ngi cht v&agrave; gn 300 ngi b thng.</p>\r\n<p class=\"Normal\">\"Vic Tamerlan Tsarnaev nhim t tng Hi gi&aacute;o cc  oan cho thy him ha ng&agrave;y c&agrave;ng tng t nhng ngi t tr th&agrave;nh phn  t cc oan ti M. Nhng ngi &oacute; kh&ocirc;ng h c&oacute; mi li&ecirc;n h vi c&aacute;c t  chc khng b\", &ocirc;ng n&oacute;i.</p>\r\n<p class=\"Normal\">Tng thng M nhc li mt cam kt m&agrave; &ocirc;ng a ra trong  chin dch vn ng tranh c nm 2008: &oacute;ng ca nh&agrave; t&ugrave;  vnh  Guantanamo. \"M phi &oacute;ng ca nh&agrave; t&ugrave; Guantanamo. Ch&uacute;ng ta n&ecirc;n hiu rng  Guantanamo kh&ocirc;ng th gi&uacute;p M tr n&ecirc;n an to&agrave;n hn\", &ocirc;ng khng nh.</p>', '/uploads/weatherly_1x.png', 'tr---ao-thun-in-hinh-hang-thai-lan', '/san-pham/tr---ao-thun-in-hinh-hang-thai-lan-39.html', '46', '61,60,58,57,54,61,59,50,49,48,45,', '2013-05-03 16:42:47', '2013-04-30 02:09:35', '1');
INSERT INTO `products` VALUES ('40', 'Thm ngi t vong sau tai nn xe u ko tng t khch', 'Ti 30/4, chu Phm Vn c (12 tui, tr H Tnh) b thng sau tai nn  t vong ti Bnh vin Trung ng Hu, nng s ngi thit mng ln 6. ', '<p class=\"Normal\">Ch&aacute;u c b chn thng s n&atilde;o nng, c a v&agrave;o Bnh  vin Trung ng Hu v&agrave;o chiu 30/4. C&ugrave;ng vi c, 5 nn nh&acirc;n kh&aacute;c,  trong &oacute; c&oacute; t&agrave;i x xe kh&aacute;ch L&ecirc; &igrave;nh Chinh (32 tui) &atilde; t vong. Ngi  nh&agrave; c&aacute;c nn nh&acirc;n &atilde; n Bnh vin a khoa v&agrave; Bnh vin Trung ng Hu   a thi th v qu&ecirc; an t&aacute;ng.</p>\r\n<table id=\"tbl0\" border=\"0\" cellspacing=\"0\" cellpadding=\"3\" width=\"1\" align=\"center\">\r\n<tbody>\r\n<tr>\r\n<td><img src=\"http://vnexpress.net/Files/Subject/3b/be/41/b1/chet1.jpg\" border=\"1\" alt=\"C&aacute;c nn nh&acirc;n sau v tai nn kinh ho&agrave;ng ang c c&aacute;c y, b&aacute;c s chm s&oacute;c. nh: Phong Sn\" width=\"495\" height=\"350\" /></td>\r\n</tr>\r\n<tr>\r\n<td class=\"Image\">C&aacute;c nn nh&acirc;n sau v tai nn ang c c&aacute;c y, b&aacute;c s chm s&oacute;c. nh: <em>Phong Sn</em></td>\r\n</tr>\r\n</tbody>\r\n</table>\r\n<p class=\"Normal\">Hin ti Bnh vin Trung ng Hu c&ograve;n 7 nn nh&acirc;n b  thng nng ang c iu tr, trong &oacute; c&oacute; 3 d&igrave; ch&aacute;u trong mt gia  &igrave;nh. Thng t&aacute; Cao Thanh Hi, Ph&oacute; ch&aacute;nh Vn ph&ograve;ng C&ocirc;ng an tnh Tha  Thi&ecirc;n - Hu cho bit, c&ocirc;ng an ang tm gi t&agrave;i x xe u k&eacute;o L&ecirc; Tht  T&ugrave;ng (36 tui, tr&uacute; qun T&acirc;n B&igrave;nh, TP HCM)  phc v c&ocirc;ng t&aacute;c iu tra  nguy&ecirc;n nh&acirc;n tai nn.</p>\r\n<p class=\"Normal\">Trc &oacute; khong 13h ng&agrave;y 30/4, xe kh&aacute;ch 30 ch bin H&agrave;  Tnh ang lu th&ocirc;ng tr&ecirc;n quc l 1A. n x&atilde; Phong An (Phong in, Tha  Thi&ecirc;n - Hu), xe kh&aacute;ch b xe u k&eacute;o bin TP HCM do L&ecirc; Tht T&ugrave;ng cm l&aacute;i  ln l&agrave;n t&ocirc;ng trc din. Hai xe lt xung rung l&agrave;m 4 ngi t vong ti  ch, 2 ngi t vong ti Bnh vin Trung ng Hu, 7 nn nh&acirc;n kh&aacute;c trng  thng.</p>\r\n<table id=\"tbl1\" border=\"0\" cellspacing=\"0\" cellpadding=\"3\" width=\"1\" align=\"center\">\r\n<tbody>\r\n<tr>\r\n<td><img src=\"http://vnexpress.net/Files/Subject/3b/be/41/b1/chet2.jpg\" border=\"1\" alt=\"Hin trng v tai nn trong ng&agrave;y ngh l khin 6 ngi t vong. nh: Phong Sn\" width=\"495\" height=\"350\" /></td>\r\n</tr>\r\n<tr>\r\n<td class=\"Image\">Hin trng v tai nn. nh:<em> Phong Sn</em></td>\r\n</tr>\r\n</tbody>\r\n</table>\r\n<p class=\"Normal\">Ch tch tnh Tha Thi&ecirc;n - Hu Nguyn Vn Cao v&agrave; l&atilde;nh  o huyn Phong in &atilde; n hin trng ch o x l&yacute; v tai nn v&agrave; h  tr mi nn nh&acirc;n t vong 4 triu ng, ngi b thng 2 triu ng.</p>', '/uploads/thumb_17.jpg', 'them-nguoi-tu-vong-sau-tai-nan-xe-dau-keo-tong-oto-khach', '/san-pham/them-nguoi-tu-vong-sau-tai-nan-xe-dau-keo-tong-oto-khach-40.html', '47', '', '2013-05-03 16:42:58', '2013-04-30 02:10:35', '1');
INSERT INTO `products` VALUES ('43', 'MC truyn hnh gi cng an chn bt xe 11', 'Mt MC ca Trung tm Truyn hnh Vit Nam ti tnh Ph Yn b bt khi ang cng hc sinh lp 12 gi danh cng an chn xe ngi i ng.', '<p class=\"Normal\">Ng&agrave;y 30/4, thng t&aacute; Nguyn T&acirc;m Nim, Ph&oacute;  c&ocirc;ng an huyn Tuy An (Ph&uacute; Y&ecirc;n), cho bit ang iu tra vic &ocirc;ng L&ecirc;  Thoi K, ngi dn chng tr&igrave;nh ca Trung t&acirc;m Truyn h&igrave;nh Vit Nam ti  Ph&uacute; Y&ecirc;n (VTV Ph&uacute; Y&ecirc;n) c&ugrave;ng Phan Nguyn Ho&agrave;i Nam (hc sinh lp 12, TP Tuy  H&ograve;a, Ph&uacute; Y&ecirc;n) mc cnh phc, gi danh c&ocirc;ng an ra ng chn xe kim  tra. C hai ang b c&ocirc;ng an tm gi phc v iu tra.</p>\r\n<table border=\"0\" cellspacing=\"0\" cellpadding=\"3\" width=\"1\" align=\"left\">\r\n<tbody>\r\n<tr>\r\n<td><br /></td>\r\n</tr>\r\n<tr>\r\n<td class=\"Image\">K v&agrave; Nam ti c quan c&ocirc;ng an.</td>\r\n</tr>\r\n</tbody>\r\n</table>\r\n<p class=\"Normal\">Theo &ocirc;ng Nguyn &igrave;nh C&ocirc;ng, Ch tch UBND  x&atilde; An H&ograve;a (huyn Tuy An), ti 29/4, lc lng c&ocirc;ng an x&atilde; n&agrave;y bt qu  tang K c&ugrave;ng Nam mc sc phc c&ocirc;ng an ang chn bt, kim tra giy t  hai xe m&aacute;y. C hai c a v tr s c&ocirc;ng an x&atilde;  l&agrave;m vic.</p>\r\n<p class=\"Normal\">Ti tr s c&ocirc;ng an x&atilde;, bit K v&agrave; Nam l&agrave;  c&ocirc;ng an gi, nhiu ngi gin d, &ograve;i x&ocirc;ng v&agrave;o &aacute;nh. \"Nhiu ngi d&acirc;n  a phng phn &aacute;nh hai ngi n&agrave;y &atilde; nhiu ln mc  c&ocirc;ng an ng chn  ng bt xe, kim tra giy t ca rt nhiu ngi. Do nghi ng n&ecirc;n h  b&aacute;o c&ocirc;ng an theo d&otilde;i...\", &ocirc;ng C&ocirc;ng n&oacute;i.</p>\r\n<p class=\"Normal\">Ph&oacute; C&ocirc;ng an huyn Tuy An cho bit, bc  u, K khai l&agrave; &oacute;ng gi c&ocirc;ng an  i t&aacute;c nghip v  t&agrave;i an to&agrave;n giao  th&ocirc;ng. Tuy nhi&ecirc;n, theo nhiu ngi d&acirc;n tng b chn xe, h cha bao gi  thy K d&ugrave;ng m&aacute;y quay hay m&aacute;y nh  t&aacute;c nghip.</p>\r\n<p class=\"Normal\">&Ocirc;ng Trn Thanh Hng, Ph&oacute; gi&aacute;m c VTV Ph&uacute;  Y&ecirc;n, cho bit L&ecirc; Thoi K l&agrave; nh&acirc;n vi&ecirc;n hp ng v vic ca c quan  n&agrave;y, c&oacute; np h s  c quan qun l&yacute;. Nhim v ch&iacute;nh ca K l&agrave; dn  chng tr&igrave;nh thi s, ngo&agrave;i ra c&ograve;n c ph&acirc;n c&ocirc;ng bi&ecirc;n tp, thc hin  mt s chuy&ecirc;n  vi s gi&aacute;m s&aacute;t ca VTV Ph&uacute; Y&ecirc;n.</p>\r\n<p class=\"Normal\">\"C&ocirc;ng nhn rng Thoi K l&agrave; b mt ca  &agrave;i nhng cha c k&yacute; hp ng ch&iacute;nh thc do cha tt nghip i hc.  Vic &ocirc;ng K gi danh c&ocirc;ng an i t&aacute;c nghip hay l&agrave;m g&igrave;, ch&uacute;ng t&ocirc;i ho&agrave;n  to&agrave;n kh&ocirc;ng bit cng nh kh&ocirc;ng h ph&acirc;n c&ocirc;ng. K phi chu tr&aacute;ch nhim  trc ph&aacute;p lut v vic l&agrave;m ca m&igrave;nh\" &ocirc;ng Hng n&oacute;i.</p>\r\n<p class=\"Normal\">L&atilde;nh o VTV Ph&uacute; Y&ecirc;n cho hay, kh&ocirc;ng bit hai b cnh phc m&agrave; K v&agrave; Nam mc  &oacute;ng gi c&ocirc;ng an ly t &acirc;u ra.&nbsp;</p>', '/uploads/51849789-d338-452a-8546-05d01c47f2e6-facebook-cap-nhat-bang-emoticon-moi.png', 'mc-truyen-hinh-gia-cong-an-chan-bat-xe-11', '/san-pham/mc-truyen-hinh-gia-cong-an-chan-bat-xe-11-43.html', '47', '', '2013-05-04 12:07:32', '2013-05-01 20:37:15', '1');
INSERT INTO `products` VALUES ('46', 'In catalogue', '', '', '/uploads/thumb_1.jpg', 'in-catalogue', '/san-pham/in-catalogue-46.html', '1', '', '2013-05-03 16:42:49', '2013-05-01 21:22:58', '1');
INSERT INTO `products` VALUES ('47', 'In bao b TP.HCM', '', '', '/uploads/images (2).jpg', 'in-bao-bi-tphcm', '/san-pham/in-bao-bi-tphcm-47.html', '1', '', '2013-05-03 15:50:08', '2013-05-01 21:23:32', '1');
INSERT INTO `products` VALUES ('50', 'In decal nhn giy', '', '', '/uploads/pet-animal-dog_7.jpg', 'in-decal-nhan-giay', '/san-pham/in-decal-nhan-giay-50.html', '1', '', '2013-05-03 16:41:36', '2013-05-02 14:06:22', '1');
INSERT INTO `products` VALUES ('51', 'In bao b', '', '', '/uploads/51835892-f844-44f1-97c5-13c01c47f2e6-images (1).jpg', 'in-bao-bi', '/san-pham/in-bao-bi-51.html', '1', '', '2013-05-03 16:42:25', '2013-05-02 14:06:44', '1');
INSERT INTO `products` VALUES ('52', 'In tem bo hnh', '', '', '/uploads/images (1).jpg', 'in-tem-bao-hanh', '/san-pham/in-tem-bao-hanh-52.html', '1', '', '2013-05-03 16:42:35', '2013-05-02 14:06:52', '1');
INSERT INTO `products` VALUES ('53', 'In t ri - t gp', '', '', '/uploads/bird Animal Wallpaper.jpg', 'in-to-roi---to-gap', '/san-pham/in-to-roi---to-gap-53.html', '1', '', '2013-05-03 16:42:36', '2013-05-02 14:07:01', '1');
INSERT INTO `products` VALUES ('54', 'In poster', '', '', '/uploads/birds-the-animal-kingdom-250702_1024_768.jpg', 'in-poster', '/san-pham/in-poster-54.html', '1', '', '2013-05-03 16:42:38', '2013-05-02 14:07:07', '1');
INSERT INTO `products` VALUES ('55', 'In thip', '', '', '/uploads/animal_1.jpg', 'in-thiep', '/san-pham/in-thiep-55.html', '1', '', '2013-05-03 16:42:40', '2013-05-02 14:07:13', '1');
INSERT INTO `products` VALUES ('56', 'In phiu qu tng', '', '', '/uploads/animal_101.jpg', 'in-phieu-qua-tang', '/san-pham/in-phieu-qua-tang-56.html', '1', '', '2013-05-03 16:42:42', '2013-05-02 14:07:22', '1');
INSERT INTO `products` VALUES ('57', 'In danh thip', '', '', '/uploads/images.jpg', 'in-danh-thiep', '/san-pham/in-danh-thiep-57.html', '1', '', '2013-05-03 16:42:44', '2013-05-02 14:07:28', '1');
INSERT INTO `products` VALUES ('58', 'In ba ng h s', '', '', '/uploads/kids-sad-horses-x-funny-animal-picture-beautiful-animals-261932.jpg', 'in-bia-dung-ho-so', '/san-pham/in-bia-dung-ho-so-58.html', '1', '', '2013-05-03 16:42:46', '2013-05-02 14:07:35', '1');
INSERT INTO `products` VALUES ('59', 'In bn tin', '', '', '/uploads/pink_animal-wide.jpg', 'in-ban-tin', '/san-pham/in-ban-tin-59', '1', '', '2013-05-03 13:24:33', '2013-05-02 14:07:42', '1');
INSERT INTO `products` VALUES ('60', 'In ti giy - hp giy', '', '', '/uploads/51835802-7ff0-408a-a743-13c01c47f2e6-images.jpg', 'in-tui-giay---hop-giay', '/san-pham/in-tui-giay---hop-giay-60', '1', '', '2013-05-03 13:24:25', '2013-05-02 14:07:48', '1');
INSERT INTO `products` VALUES ('61', 'In biu mu / carbonless', '', '', '/uploads/images (1).jpg', 'in-bieu-mau--carbonless', '/san-pham/in-bieu-mau--carbonless-61', '1', '', '2013-05-03 13:22:11', '2013-05-02 14:07:54', '1');

-- ----------------------------
-- Table structure for `regions`
-- ----------------------------
DROP TABLE IF EXISTS `regions`;
CREATE TABLE `regions` (
  `id` int(11) NOT NULL AUTO_INCREMENT,
  `title` varchar(100) COLLATE utf8_unicode_ci NOT NULL,
  `alias` varchar(100) COLLATE utf8_unicode_ci NOT NULL,
  `description` text COLLATE utf8_unicode_ci,
  `block_count` int(11) NOT NULL DEFAULT '0',
  PRIMARY KEY (`id`),
  UNIQUE KEY `region_alias` (`alias`)
) ENGINE=InnoDB AUTO_INCREMENT=29 DEFAULT CHARSET=utf8 COLLATE=utf8_unicode_ci;

-- ----------------------------
-- Records of regions
-- ----------------------------
INSERT INTO `regions` VALUES ('3', 'none', 'none', '', '1');
INSERT INTO `regions` VALUES ('4', 'right', 'right', '', '6');
INSERT INTO `regions` VALUES ('6', 'left', 'left', '', '0');
INSERT INTO `regions` VALUES ('7', 'header', 'header', '', '0');
INSERT INTO `regions` VALUES ('8', 'footer', 'footer', '', '0');
INSERT INTO `regions` VALUES ('9', 'region1', 'region1', '', '0');
INSERT INTO `regions` VALUES ('10', 'region2', 'region2', '', '0');
INSERT INTO `regions` VALUES ('11', 'region3', 'region3', '', '0');
INSERT INTO `regions` VALUES ('12', 'region4', 'region4', '', '0');
INSERT INTO `regions` VALUES ('13', 'region5', 'region5', '', '0');
INSERT INTO `regions` VALUES ('14', 'region6', 'region6', '', '0');
INSERT INTO `regions` VALUES ('15', 'region7', 'region7', '', '0');
INSERT INTO `regions` VALUES ('16', 'region8', 'region8', '', '0');
INSERT INTO `regions` VALUES ('17', 'region9', 'region9', '', '0');
INSERT INTO `regions` VALUES ('19', 'rg-ls-menu-footer', 'rg-ls-menu-footer', null, '1');
INSERT INTO `regions` VALUES ('20', 'rg-ls-contact-footer', 'rg-ls-contact-footer', null, '1');
INSERT INTO `regions` VALUES ('21', 'rg-ls-linked-footer	', 'rg-ls-linked-footer', null, '1');
INSERT INTO `regions` VALUES ('22', 'rg-ls-statistic-footer', 'rg-ls-statistic-footer', null, '1');
INSERT INTO `regions` VALUES ('23', 'rg-ls-support', 'rg-ls-support', null, '0');
INSERT INTO `regions` VALUES ('24', 'rg-ls-left', 'rg-ls-left', null, '0');
INSERT INTO `regions` VALUES ('25', 'rg-ls-header-contact', 'rg-ls-header-contact', null, '1');
INSERT INTO `regions` VALUES ('26', 'rg-ls-product-category', 'rg-ls-product-category', null, '1');
INSERT INTO `regions` VALUES ('27', 'rg-ls-service-category', 'rg-ls-service-category', null, '1');
INSERT INTO `regions` VALUES ('28', 'rg-ls-service-relative', 'rg-ls-service-relative', null, '1');

-- ----------------------------
-- Table structure for `roles`
-- ----------------------------
DROP TABLE IF EXISTS `roles`;
CREATE TABLE `roles` (
  `id` int(11) NOT NULL AUTO_INCREMENT,
  `title` varchar(100) COLLATE utf8_unicode_ci NOT NULL,
  `alias` varchar(100) COLLATE utf8_unicode_ci DEFAULT NULL,
  `created` datetime DEFAULT NULL,
  `updated` datetime DEFAULT NULL,
  PRIMARY KEY (`id`),
  UNIQUE KEY `role_alias` (`alias`)
) ENGINE=InnoDB AUTO_INCREMENT=4 DEFAULT CHARSET=utf8 COLLATE=utf8_unicode_ci;

-- ----------------------------
-- Records of roles
-- ----------------------------
INSERT INTO `roles` VALUES ('1', 'Admin', 'admin', '2009-04-05 00:10:34', '2009-04-05 00:10:34');
INSERT INTO `roles` VALUES ('2', 'Registered', 'registered', '2009-04-05 00:10:50', '2009-04-06 05:20:38');
INSERT INTO `roles` VALUES ('3', 'Public', 'public', '2009-04-05 00:12:38', '2009-04-07 01:41:45');

-- ----------------------------
-- Table structure for `roles_users`
-- ----------------------------
DROP TABLE IF EXISTS `roles_users`;
CREATE TABLE `roles_users` (
  `id` int(11) NOT NULL AUTO_INCREMENT,
  `user_id` int(11) NOT NULL,
  `role_id` int(11) NOT NULL,
  `granted_by` int(11) NOT NULL,
  `created` datetime DEFAULT NULL,
  `updated` datetime DEFAULT NULL,
  PRIMARY KEY (`id`),
  UNIQUE KEY `pk_role_users` (`user_id`,`role_id`)
) ENGINE=InnoDB DEFAULT CHARSET=utf8 COLLATE=utf8_unicode_ci;

-- ----------------------------
-- Records of roles_users
-- ----------------------------

-- ----------------------------
-- Table structure for `schema_migrations`
-- ----------------------------
DROP TABLE IF EXISTS `schema_migrations`;
CREATE TABLE `schema_migrations` (
  `id` int(11) NOT NULL AUTO_INCREMENT,
  `class` varchar(255) COLLATE utf8_unicode_ci NOT NULL,
  `type` varchar(50) COLLATE utf8_unicode_ci NOT NULL,
  `created` datetime NOT NULL,
  PRIMARY KEY (`id`)
) ENGINE=InnoDB AUTO_INCREMENT=15 DEFAULT CHARSET=utf8 COLLATE=utf8_unicode_ci;

-- ----------------------------
-- Records of schema_migrations
-- ----------------------------
INSERT INTO `schema_migrations` VALUES ('1', 'InitMigrations', 'Migrations', '2013-04-22 18:13:15');
INSERT INTO `schema_migrations` VALUES ('2', 'ConvertVersionToClassNames', 'Migrations', '2013-04-22 18:13:15');
INSERT INTO `schema_migrations` VALUES ('3', 'IncreaseClassNameLength', 'Migrations', '2013-04-22 18:13:16');
INSERT INTO `schema_migrations` VALUES ('4', 'FirstMigrationSettings', 'Settings', '2013-04-22 18:13:16');
INSERT INTO `schema_migrations` VALUES ('5', 'FirstMigrationAcl', 'Acl', '2013-04-22 18:13:16');
INSERT INTO `schema_migrations` VALUES ('6', 'FirstMigrationBlocks', 'Blocks', '2013-04-22 18:13:17');
INSERT INTO `schema_migrations` VALUES ('7', 'FirstMigrationComments', 'Comments', '2013-04-22 18:13:17');
INSERT INTO `schema_migrations` VALUES ('8', 'FirstMigrationContacts', 'Contacts', '2013-04-22 18:13:17');
INSERT INTO `schema_migrations` VALUES ('9', 'FirstMigrationMenus', 'Menus', '2013-04-22 18:13:17');
INSERT INTO `schema_migrations` VALUES ('10', 'FirstMigrationMeta', 'Meta', '2013-04-22 18:13:17');
INSERT INTO `schema_migrations` VALUES ('11', 'FirstMigrationNodes', 'Nodes', '2013-04-22 18:13:18');
INSERT INTO `schema_migrations` VALUES ('12', 'FirstMigrationTaxonomy', 'Taxonomy', '2013-04-22 18:13:18');
INSERT INTO `schema_migrations` VALUES ('13', 'FirstMigrationUsers', 'Users', '2013-04-22 18:13:19');
INSERT INTO `schema_migrations` VALUES ('14', 'FirstMigrationTranslate', 'Translate', '2013-04-24 08:22:02');

-- ----------------------------
-- Table structure for `services`
-- ----------------------------
DROP TABLE IF EXISTS `services`;
CREATE TABLE `services` (
  `id` int(11) NOT NULL AUTO_INCREMENT,
  `title` varchar(255) COLLATE utf8_unicode_ci DEFAULT NULL,
  `excerpt` text COLLATE utf8_unicode_ci,
  `description` text COLLATE utf8_unicode_ci,
  `images` varchar(255) COLLATE utf8_unicode_ci DEFAULT NULL,
  `slug` varchar(255) COLLATE utf8_unicode_ci DEFAULT NULL,
  `path` varchar(255) COLLATE utf8_unicode_ci DEFAULT NULL,
  `parent` tinyint(1) DEFAULT '1',
  `updated` datetime DEFAULT NULL,
  `created` datetime DEFAULT NULL,
  `status` tinyint(1) DEFAULT '1',
  PRIMARY KEY (`id`)
) ENGINE=InnoDB AUTO_INCREMENT=41 DEFAULT CHARSET=utf8 COLLATE=utf8_unicode_ci;

-- ----------------------------
-- Records of services
-- ----------------------------
INSERT INTO `services` VALUES ('1', 'Dch v', '', '', '', 'dich-vu', '/dich-vu.html', '0', '2000-00-00 14:32:37', '2000-05-01 14:32:37', '1');
INSERT INTO `services` VALUES ('11', 'Dng Triu V phi mt ln sn khu Cp i hon ho', ' Nam ca s v Thanh Thy mang nguyn chic xe phn khi ln lm o c cho mn trnh din trong liveshow 9 Cp i hon ho.\r\n', '<p>B&aacute;n kt Cp &ocirc;i ho&agrave;n ho 2013 din ra ti 28/4, ti TP HCM. Kh&aacute;n gi n tng vi m&agrave;n d&agrave;n dng c&ocirc;ng phu ca Dng Triu V v&agrave; Thanh Th&uacute;y trong tit mc \"Anh kh&ocirc;ng cn\". H l&agrave;m tt phn h&aacute;t ln phn din xut. \"Anh kh&ocirc;ng cn\" l&agrave; mt bn \"hit\" ca Dng Triu V, do nhc s Ki&ecirc;n Trn s&aacute;ng t&aacute;c. Ca kh&uacute;c n&agrave;y c anh a v&agrave;o album \"Si&ecirc;u nh&acirc;n\" nm 2011.</p>\r\n<p>&nbsp;</p>\r\n<table class=\"tplCaption\" border=\"0\" cellspacing=\"0\" cellpadding=\"3\" width=\"1\" align=\"center\">\r\n<tbody>\r\n<tr>\r\n<td><img src=\"http://l.f9.img.vnexpress.net/2013/04/29/14-jpg-1367192901-1367193874_500x0.jpg\" alt=\"14-jpg-1367192901-1367193874_500x0.jpg\" width=\"480\" /></td>\r\n</tr>\r\n<tr>\r\n<td class=\"Image\">Ci b n&eacute;t hoang di, c&aacute; t&iacute;nh ban u, h tr v h&igrave;nh nh ca nhng n&ocirc;ng d&acirc;n min qu&ecirc; hin l&agrave;nh ch&acirc;n cht h&aacute;t ca kh&uacute;c \"Ru li c&acirc;u h&ograve; - Vng c bun\". Nhc s L&ecirc; Minh Sn n&oacute;i: &ldquo;Nu so s&aacute;nh hai tit mc ca c&aacute;c bn, gia mt chic xe m&aacute;y v&agrave; mt gi cua th&igrave; t&ocirc;i th&iacute;ch gi cua hn&rdquo;. (<a href=\"http://giaitri.vnexpress.net/video/video-truyen-hinh/duong-trieu-vu-va-thanh-thuy-hat-ru-lai-cau-ho-2740932.html?p=1\" target=\"_blank\">xem clip</a>)</td>\r\n</tr>\r\n</tbody>\r\n</table>\r\n<table class=\"tplCaption\" border=\"0\" cellspacing=\"0\" cellpadding=\"3\" width=\"1\" align=\"center\">\r\n<tbody>\r\n<tr>\r\n<td><img src=\"http://l.f9.img.vnexpress.net/2013/04/29/6-jpg-1367192337-1367192528_500x0.jpg\" alt=\"6-jpg-1367192337-1367192528_500x0.jpg\" /></td>\r\n</tr>\r\n<tr>\r\n<td class=\"Image\">C&aacute;t Phng v&agrave; Phan inh T&ugrave;ng h&oacute;a th&agrave;nh &ocirc;i gi&agrave; y&ecirc;u th&iacute;ch vn ngh. C hai chn ca kh&uacute;c \"O sole mio\" vi m&agrave;n tr&igrave;nh din h&agrave;i hc vui nhn. C&aacute;t Phng c kh&aacute;n gi c v nhit t&igrave;nh khi mnh dn th hin cht ging. L&ecirc; Minh Sn cho rng, chung kt&nbsp;Cp &ocirc;i ho&agrave;n ho m&agrave; thiu &ocirc;i n&agrave;y s rt bun. (<a href=\"http://giaitri.vnexpress.net/video/video-truyen-hinh/cat-phuong-va-phan-dinh-tung-hat-mat-troi-cua-toi-2740931.html?p=1\" target=\"_blank\">xem clip</a>)</td>\r\n</tr>\r\n</tbody>\r\n</table>', '/uploads/39154034_1.jpg', 'duong-trieu-vu-phi-moto-len-san-khau-cap-doi-hoan-hao', '/dich-vu/duong-trieu-vu-phi-moto-len-san-khau-cap-doi-hoan-hao-11.html', '1', '2013-05-03 16:40:18', '2013-04-24 09:44:11', '1');
INSERT INTO `services` VALUES ('35', 'Cn mng nhit', 'Sau khi VnExpress.net phn nh xe khch Hong Phng nhi nht 90 ngi, ch gp i quy nh, i cnh st giao thng s 12 (Cng an H Ni) c lc lng kim sot v  pht hin xe ny.\r\n', '<p class=\"Normal\">Ti 28/4, ti tr s i cnh s&aacute;t giao th&ocirc;ng s 12, i din nh&agrave; xe cho rng do nhu cu i li tng cao trong dp ngh l n&ecirc;n bt th&ecirc;m kh&aacute;ch tr&ecirc;n dc ng, thu qu&aacute; quy nh 30.000 ng mt ngi. H&atilde;ng nhn li v&agrave; y&ecirc;u cu l&aacute;i xe l&agrave;m kim im.</p>\r\n<p class=\"Normal\">Trao i vi ph&oacute;ng vi&ecirc;n, trung t&aacute; V Vn Ngoi (i ph&oacute; i CSGT s 12) cho bit, hin xe b tm lu ti tr s i  phc v iu tra. Trc mt, i lp bi&ecirc;n bn x pht nh&agrave; xe do ch vt s ngi v&agrave; thu tin cao (v&eacute; 95.000 nhng thu ca kh&aacute;ch 125.000 ng).</p>\r\n<table border=\"0\" cellspacing=\"0\" cellpadding=\"3\" width=\"1\" align=\"center\">\r\n<tbody>\r\n<tr>\r\n<td><img src=\"http://vnexpress.net/Files/Subject/3b/be/41/53/hoang-phuong-480.jpg\" alt=\"\" width=\"480\" height=\"360\" /></td>\r\n</tr>\r\n<tr>\r\n<td class=\"Image\">Chic xe ch qu&aacute; s h&agrave;nh kh&aacute;ch quy nh b tm gi.</td>\r\n</tr>\r\n</tbody>\r\n</table>\r\n<p class=\"Normal\">Trc &oacute;, c gi ca&nbsp;<em>VnExpress.net</em>&nbsp;phn &aacute;nh, s&aacute;ng 28/4, xe kh&aacute;ch Ho&agrave;ng Phng xut bn M &igrave;nh (H&agrave; Ni) trong t&igrave;nh trng kh&ocirc;ng c&ograve;n gh trng. Dc ng, xe tip tc bt kh&aacute;ch v&agrave; nhi nh&eacute;t ti gn 90 ngi, vt qua tt c c&aacute;c trm cnh s&aacute;t giao th&ocirc;ng t H&agrave; Ni v Thanh H&oacute;a.</p>', '/uploads/vegetables_fruits_1x.png', 'can-mang-nhiet', '/dich-vu/can-mang-nhiet-35.html', '1', '2013-05-03 16:40:46', '2013-04-29 21:32:54', '1');
INSERT INTO `services` VALUES ('36', 'Nhn in gia cng gi r', 'N din vin \'Giao l nh mnh\' kt hn cng ch r Vit kiu hn c hai tui. L ci p nh m ca c hai din ra ti Phan Thit ngy 28/4.\r\n', '<table class=\"tplCaption\" border=\"0\" cellspacing=\"0\" cellpadding=\"3\" width=\"1\" align=\"center\">\r\n<tbody>\r\n<tr>\r\n<td><img src=\"http://l.f9.img.vnexpress.net/2013/04/29/tang-bao-quyen-24pg-jpg-1367221691_500x0.jpg\" alt=\"tang-bao-quyen-24pg-jpg-1367221691_500x0\" /></td>\r\n</tr>\r\n<tr>\r\n<td class=\"Image\">Gia &igrave;nh ch&uacute; r trao cho m c&ocirc; d&acirc;u (tr&aacute;i) s tin tng trng  tri &acirc;n c&ocirc;ng n dng dc cho h nh&agrave; trai c&oacute; c&ocirc; d&acirc;u xinh, ngoan hin. M ca Tng Bo Quy&ecirc;n &atilde; tng li m&oacute;n qu&agrave;&nbsp;cho &ocirc;i v chng tr.</td>\r\n</tr>\r\n</tbody>\r\n</table>\r\n<table class=\"tplCaption\" border=\"0\" cellspacing=\"0\" cellpadding=\"3\" width=\"1\" align=\"center\">\r\n<tbody>\r\n<tr>\r\n<td><br /><img src=\"http://backend.editor.vnexpress.net/kcfinder/upload/images/_private/mailien@vnexpress.net/2013/04/19-jpg-1367226621-500x0-jpg%5B1180086080%5D.jpg\" alt=\"19-jpg-1367226621-500x0-jpg[1180086080].\" width=\"400\" /></td>\r\n</tr>\r\n<tr>\r\n<td class=\"Image\">M chng n din vi&ecirc;n rt x&uacute;c ng khi gi li nhn nh n c&aacute;c con. B&agrave; cho bit rt hnh ph&uacute;c khi c&oacute; c con d&acirc;u xinh ngoan nh Tng Bo Quy&ecirc;n. nh:&nbsp;<em>Long Thy</em>.</td>\r\n</tr>\r\n</tbody>\r\n</table>\r\n<table class=\"tplCaption\" border=\"0\" cellspacing=\"0\" cellpadding=\"3\" width=\"1\" align=\"center\">\r\n<tbody>\r\n<tr>\r\n<td><br /><img src=\"http://l.f9.img.vnexpress.net/2013/04/29/1-jpg-1367223910-1367224223_500x0.jpg\" alt=\"1-jpg-1367223910-1367224223_500x0.jpg\" width=\"490\" /></td>\r\n</tr>\r\n<tr>\r\n<td class=\"Image\">B&agrave; ngoi ch&uacute; r (phi) i din gia &igrave;nh nh&agrave; trai tng cho c&ocirc; d&acirc;u b trang sc bng ngc trai sang trng.</td>\r\n</tr>\r\n</tbody>\r\n</table>\r\n<table class=\"tplCaption\" border=\"0\" cellspacing=\"0\" cellpadding=\"3\" width=\"1\" align=\"center\">\r\n<tbody>\r\n<tr>\r\n<td><img src=\"http://l.f9.img.vnexpress.net/2013/04/29/tang-bao-quyen-8-jpg-1367221692_500x0.jpg\" alt=\"tang-bao-quyen-8-jpg-1367221692_500x0.jp\" /></td>\r\n</tr>\r\n<tr>\r\n<td class=\"Image\">Tng Bo Quy&ecirc;n cho bit, Trn Landon Ng&acirc;n l&agrave; ngi c&ocirc; cm thy b&igrave;nh y&ecirc;n v&agrave; tin tng nht khi c  b&ecirc;n cnh. Anh lu&ocirc;n d&agrave;nh cho c&ocirc; nhng c ch chm s&oacute;c &acirc;n cn, chu to&agrave;n mi vic cng nh c&ugrave;ng c&ocirc; gii quyt nhng kh&oacute; khn trong cuc sng.</td>\r\n</tr>\r\n</tbody>\r\n</table>\r\n<table class=\"tplCaption\" border=\"0\" cellspacing=\"0\" cellpadding=\"3\" width=\"1\" align=\"center\">\r\n<tbody>\r\n<tr>\r\n<td><img src=\"http://l.f9.img.vnexpress.net/2013/04/29/tang-bao-quyen-25-jpg-1367221692_500x0.jpg\" alt=\"tang-bao-quyen-25-jpg-1367221692_500x0.j\" /></td>\r\n</tr>\r\n<tr>\r\n<td class=\"Image\">Nhng nghi thc ci ca c hai din ra tr&ecirc;n b&atilde;i c&aacute;t trng b&ecirc;n b bin v&agrave; h&agrave;ng da r&igrave; r&agrave;o c trng v p ca Phan Thit. Gia &igrave;nh hai h ch mi khong 80 kh&aacute;ch l&agrave; ngi nh&agrave;, bn b&egrave; th&acirc;n thit c&ugrave;ng v &acirc;y tham d l ci v&agrave; chung vui.</td>\r\n</tr>\r\n</tbody>\r\n</table>', '/uploads/wip_f100_wrecker_textured_1x.jpg', 'nhan-in-gia-cong-gia-re', '/dich-vu/nhan-in-gia-cong-gia-re-36.html', '1', '2013-05-03 16:40:44', '2013-04-29 22:26:55', '1');
INSERT INTO `services` VALUES ('37', 'In offset chuyn nhit', 'Ngy 29/4, bc s Nguyn B Hy, Gim c Bnh vin a khoa Lm ng xc nhn bnh nhn Nguyn nh Bu, 53 tui, c kt qu xt nghim dng tnh vi cm A/H1N1. Bnh nhn ang c cch ly. \r\n', '<p class=\"Normal\"><span>&Ocirc;ng Bu ang l&agrave; bo v cho mt kh&aacute;ch sn  &agrave; Lt.&nbsp;</span><span>Ng&agrave;y 24/4, &ocirc;ng Bu nhp vin trong t&igrave;nh trng sc khe yu nhanh, st cao, ho k&eacute;o d&agrave;i&hellip; B&aacute;c s Bnh vin a khoa L&acirc;m ng theo d&otilde;i v&agrave; li&ecirc;n tc l&agrave;m c&aacute;c &nbsp;x&eacute;t nghim, ph&aacute;t hin bnh nh&acirc;n b nhim c&uacute;m H1N1.</span></p>\r\n<p class=\"Normal\"><span>Theo b&aacute;c s Hy, hin bnh vin &atilde; chuyn bnh nh&acirc;n ti khu c&aacute;ch ly ca khoa Nhit i  iu tr. n nay, bnh nh&acirc;n vn kh&ocirc;ng c&oacute; du hiu nng th&ecirc;m nhng vn ang c c&aacute;c b&aacute;c s t&iacute;ch cc theo d&otilde;i, iu tr. Cha r&otilde; ngun bnh l&acirc;y lan cho &ocirc;ng Bu.</span></p>\r\n<p>C&ugrave;ng thi im nhp vin vi bnh nh&acirc;n Bu, c&oacute; hai bnh nh&acirc;n kh&aacute;c cng c&oacute; nhng biu hin tng t. Qua mt thi gian theo d&otilde;i kh&ocirc;ng c&oacute; du hiu nhim c&uacute;m A/H1N1, mt ngi &atilde; c xut vin, bnh nh&acirc;n c&ograve;n li ang c theo d&otilde;i v&agrave; iu tr.&nbsp;</p>\r\n<p>B Y t va cnh b&aacute;o c&uacute;m H1N1 ang b&ugrave;ng l&ecirc;n mnh m vi 3 trng hp t vong, k t u nm n nay.</p>', '/uploads/grandmother-at-a-party_1x.jpg', 'in-offset-chuyen-nhiet', '/dich-vu/in-offset-chuyen-nhiet-37.html', '1', '2013-05-03 16:40:43', '2013-04-30 02:03:09', '1');
INSERT INTO `services` VALUES ('38', 'In decal TP.HCM', '8h15 sng nay, khi ghi y  thng tin c nhn v k tn vo pha sau hai mnh rch ca t v s trng thng, ng Tng  c nhn tin.\r\n', '<p class=\"Normal\">Ti tr s C&ocirc;ng ty X s kin thit tnh Ki&ecirc;n Giang, n&ocirc;ng d&acirc;n Dng Vn T&ugrave;ng  x&atilde; M Kh&aacute;nh, TP Long Xuy&ecirc;n (An Giang) c n nh&acirc;n vi&ecirc;n tr thng hng dn in th&ocirc;ng tin c&aacute; nh&acirc;n v&agrave; k&yacute; t&ecirc;n v&agrave;o hai mnh r&aacute;ch ca t v&eacute; s tr&uacute;ng gii khuyn kh&iacute;ch tr gi&aacute; 100 triu ng. &egrave;n cc t&iacute;m bt l&ecirc;n ri t v&eacute; v&agrave; i chiu c&ugrave;i lu, nh&acirc;n vi&ecirc;n c&ocirc;ng ty x&aacute;c nhn v&eacute; tht.</p>\r\n<p class=\"Normal\"><span style=\"color: #000000;\">Sau khi tr thu, &ocirc;ng T&ugrave;ng cm tr&ecirc;n tay hn 90 triu ng. S tin n&agrave;y ch nh&acirc;n d nh tr n khong 50 triu, d&agrave;nh mt &iacute;t mua qun &aacute;o mi cho v con, c&ograve;n li t&iacute;ch c&oacute;p  gia &igrave;nh s dng khi cn thit.</span><span style=\"color: #000000;\">&nbsp;</span></p>\r\n<div><span style=\"color: #000000;\"><br /></span></div>', '/uploads/icon_fril_1x.png', 'in-decal-tphcm', '/dich-vu/in-decal-tphcm-38.html', '1', '2013-05-03 16:40:42', '2013-04-30 02:07:18', '1');
INSERT INTO `services` VALUES ('39', 'In offset gi r', 'Do gy tai nn lm 2 ngi cht v hn chc nn nhn b thng, bc s Trn Anh Huy b VKSND TP HCM ph chun lnh bt giam theo yu cu ca gia nh b hi  phc v iu tra.\r\n', '<p class=\"Normal\">V&agrave;i th&aacute;ng trc, &ocirc;ng Trn Anh Huy (43 tui, b&aacute;c s Bnh vin Nhi ng 1) b TAND TP HCM x&eacute;t x v ti Vi phm c&aacute;c quy nh v iu khin giao th&ocirc;ng ng b. Theo c&aacute;o trng, chiu 7/10/2011, khi l&aacute;i xe tr&ecirc;n ng L&yacute; Th&aacute;i T, qun 10, &ocirc;ng Huy g&acirc;y tai nn &acirc;m li&ecirc;n ho&agrave;n v&agrave;o 16 &ocirc;t&ocirc;, xe m&aacute;y l&agrave;m 2 ngi cht, hn chc ngi b thng.</p>\r\n<p class=\"Normal\">T b&agrave;o cha ti phi&ecirc;n t&ograve;a h&ocirc;m &oacute;, &ocirc;ng Huy a ra nhiu t&agrave;i liu cho rng nguy&ecirc;n nh&acirc;n tai nn do li k thut ca h&atilde;ng Toyota.</p>\r\n<p class=\"Normal\">C&ograve;n theo i din h&atilde;ng xe, kt qu gi&aacute;m nh kt lun xe b li v phn c&ocirc;ng tc &egrave;n ch kh&ocirc;ng li&ecirc;n quan v tai nn. Kt qu gi&aacute;m nh ca Ph&acirc;n vin khoa hc h&igrave;nh s B C&ocirc;ng an c ch ta c&ocirc;ng b ti t&ograve;a cho thy &ocirc;t&ocirc; ca &ocirc;ng Huy kh&ocirc;ng hng phanh.</p>\r\n<p class=\"Normal\">Trc nhng quan im tr&aacute;i ngc n&agrave;y, HXX &atilde; ho&atilde;n phi&ecirc;n t&ograve;a, tr h s iu tra b sung  l&agrave;m r&otilde; vic c&oacute; hay kh&ocirc;ng yu t li k thut ca xe dn n tai nn.</p>\r\n<p class=\"Normal\">Ngay sau &oacute;, gia &igrave;nh c&aacute;c nn nh&acirc;n c&oacute; n gi c quan t tng y&ecirc;u cu bt giam &ocirc;ng Huy, cho rng ngi g&acirc;y tai nn c bit nghi&ecirc;m trng m&agrave; kh&ocirc;ng b bt giam l&agrave; \"kh&ocirc;ng &uacute;ng ph&aacute;p lut\".</p>', '/uploads/thumb_1.jpg', 'in-offset-gia-re', '/dich-vu/in-offset-gia-re-39.html', '1', '2013-05-03 16:40:40', '2013-04-30 02:09:35', '1');
INSERT INTO `services` VALUES ('40', 'In o thun', 'Tng mn pho hoa sng rc trn bu tri sng Hn ( Nng) trong s ho hc ca hng vn ngi dn v du khch. m u tin ca cuc thi trnh din pho hoa, ba i Nga, Vit Nam v Italia  gy n tng mnh.\r\n', '<p class=\"Normal\">\"V&ugrave;ng n&agrave;y l&agrave;m rung ch c mt v l&uacute;a trong nm, mi c&ocirc;ng (1.000 m2) thu hoch khong 20 gi (tng ng 400 kg) ch kh&ocirc;ng nhiu. D&agrave;nh dm c tin x&acirc;y nh&agrave; m khang trang th&igrave; con ch&aacute;u l&agrave;m n mau kh&aacute; gi\", con trai c Mi Ba chia s.</p>\r\n<p class=\"Normal\">Tng t, &ocirc;ng T&ocirc; Kit (phng 7, TP C&agrave; Mau) c bit quan t&acirc;m n ni an ngh ca ngi qu&aacute; c n&ecirc;n 5 nm trc &ocirc;ng t&igrave;m mua tha t rng tr&ecirc;n 5.000 m2 nm cnh quc l 1A  x&atilde; Ph&uacute; Hng (C&aacute;i Nc, C&agrave; Mau) vi gi&aacute; hn 100 triu ng. Khi cha ng&atilde; bnh qua i, &ocirc;ng c&ugrave;ng c&aacute;c anh, ch x&acirc;y T&ocirc; - Triu m vi&ecirc;n cho ng sinh th&agrave;nh tr&ecirc;n 800 triu ng. C&aacute;ch &oacute; v&agrave;i bc ch&acirc;n, nh&agrave; m ca ch&aacute;u &ocirc;ng Kit cng ang c x&acirc;y v&agrave;i trm triu.</p>', '/uploads/thumb_17.jpg', 'in-ao-thun', '/dich-vu/in-ao-thun-40.html', '1', '2013-05-03 16:40:38', '2013-04-30 02:10:35', '1');

-- ----------------------------
-- Table structure for `settings`
-- ----------------------------
DROP TABLE IF EXISTS `settings`;
CREATE TABLE `settings` (
  `id` int(20) NOT NULL AUTO_INCREMENT,
  `key` varchar(64) COLLATE utf8_unicode_ci NOT NULL,
  `value` text COLLATE utf8_unicode_ci NOT NULL,
  `title` varchar(255) COLLATE utf8_unicode_ci NOT NULL,
  `description` varchar(255) COLLATE utf8_unicode_ci NOT NULL,
  `input_type` varchar(255) COLLATE utf8_unicode_ci NOT NULL DEFAULT 'text',
  `editable` tinyint(1) NOT NULL DEFAULT '1',
  `weight` int(11) DEFAULT NULL,
  `params` text COLLATE utf8_unicode_ci NOT NULL,
  PRIMARY KEY (`id`),
  UNIQUE KEY `key` (`key`)
) ENGINE=InnoDB AUTO_INCREMENT=51 DEFAULT CHARSET=utf8 COLLATE=utf8_unicode_ci;

-- ----------------------------
-- Records of settings
-- ----------------------------
INSERT INTO `settings` VALUES ('6', 'Site.title', 'Loc Son Company', '', '', '', '1', '1', '');
INSERT INTO `settings` VALUES ('7', 'Site.tagline', '', '', '', 'textarea', '1', '2', '');
INSERT INTO `settings` VALUES ('9', 'Site.status', '1', '', '', 'checkbox', '1', '4', '');
INSERT INTO `settings` VALUES ('12', 'Meta.robots', 'index, follow', '', '', '', '1', '5', '');
INSERT INTO `settings` VALUES ('13', 'Meta.keywords', 'lc sn, in n, gia cng, dch v, in offset, in gi r, cng ngh hin i, uy tn, cht lng', '', '', 'textarea', '1', '6', '');
INSERT INTO `settings` VALUES ('14', 'Meta.description', 'Cng ty in n Vit in chuyn cung cp cc dch v in n, in gia cng, in offset gi r vi cng ngh hin i v cht lng tt nht', '', '', 'textarea', '1', '7', '');
INSERT INTO `settings` VALUES ('15', 'Meta.generator', 'Croogo - Content Management System', '', '', '', '0', '8', '');
INSERT INTO `settings` VALUES ('16', 'Service.akismet_key', '', '', '', '', '1', '10', '');
INSERT INTO `settings` VALUES ('17', 'Service.recaptcha_public_key', '6LekltcSAAAAAL7eNIyZ4o4ANTDqpz53pefVCbks', '', '', '', '1', '11', '');
INSERT INTO `settings` VALUES ('18', 'Service.recaptcha_private_key', '6LekltcSAAAAAOjVh1eBtp5p75FcGMxaH2O5uTlD', '', '', '', '1', '12', '');
INSERT INTO `settings` VALUES ('19', 'Service.akismet_url', '', '', '', '', '1', '9', '');
INSERT INTO `settings` VALUES ('20', 'Site.theme', 'locson', '', '', '', '0', '13', '');
INSERT INTO `settings` VALUES ('21', 'Site.feed_url', '', '', '', '', '0', '14', '');
INSERT INTO `settings` VALUES ('22', 'Reading.nodes_per_page', '5', '', '', '', '1', '15', '');
INSERT INTO `settings` VALUES ('23', 'Writing.wysiwyg', '1', 'Enable WYSIWYG editor', '', 'checkbox', '1', '16', '');
INSERT INTO `settings` VALUES ('24', 'Comment.level', '1', '', 'levels deep (threaded comments)', '', '1', '17', '');
INSERT INTO `settings` VALUES ('25', 'Comment.feed_limit', '10', '', 'number of comments to show in feed', '', '1', '18', '');
INSERT INTO `settings` VALUES ('26', 'Site.locale', 'vie', '', '', 'text', '0', '19', '');
INSERT INTO `settings` VALUES ('27', 'Reading.date_time_format', 'D, M d Y H:i:s', '', '', '', '1', '20', '');
INSERT INTO `settings` VALUES ('28', 'Comment.date_time_format', 'M d, Y', '', '', '', '1', '21', '');
INSERT INTO `settings` VALUES ('29', 'Site.timezone', '0', '', 'zero (0) for GMT', '', '1', '3', '');
INSERT INTO `settings` VALUES ('32', 'Hook.bootstraps', 'Settings,Comments,Contacts,Nodes,Meta,Menus,Users,Blocks,Taxonomy,FileManager,Tinymce,Translate,PlgService,Service,News,Products,Support,Customer', '', '', '', '0', '22', '');
INSERT INTO `settings` VALUES ('33', 'Comment.email_notification', '1', 'Enable email notification', '', 'checkbox', '1', '23', '');
INSERT INTO `settings` VALUES ('34', 'Access Control.multiRole', '0', 'Enable Multiple Roles', '', 'checkbox', '1', '24', '');
INSERT INTO `settings` VALUES ('35', 'Access Control.rowLevel', '0', 'Row Level Access Control', '', 'checkbox', '1', '25', '');
INSERT INTO `settings` VALUES ('36', 'Access Control.models', '', 'Models with Row Level Acl', 'Select models to activate Row Level Access Control on', 'multiple', '1', '25', 'multiple=checkbox\roptions={\"Nodes.Node\": \"Node\", \"Blocks.Block\": \"Block\", \"Menus.Menu\": \"Menu\", \"Menus.Link\": \"Link\"}');
INSERT INTO `settings` VALUES ('37', 'Croogo.version', '1.5.0\n', '', '', '', '0', '26', '');
INSERT INTO `settings` VALUES ('38', 'Map.Longtitude', '10.790383', '', '', '', '0', null, '');
INSERT INTO `settings` VALUES ('39', 'Map.Latitude', '106.658229', '', '', '', '0', null, '');
INSERT INTO `settings` VALUES ('40', 'Intro.images', '/uploads/thumb_4.jpg', '', '', '', '0', null, '');
INSERT INTO `settings` VALUES ('42', 'Site.address', '76 CMT8, P17, Q3, Tp.HCM', '', '', '', '0', null, '');
INSERT INTO `settings` VALUES ('43', 'Site.email', 'locson@gmail.com', '', '', '', '0', null, '');
INSERT INTO `settings` VALUES ('44', 'Site.phone', '0192.928.892', '', '', '', '0', null, '');
INSERT INTO `settings` VALUES ('45', 'Site.copyright', 'Copyright &copy 2013 by LocSon Company', '', '', '', '0', null, '');
INSERT INTO `settings` VALUES ('46', 'Product.feature', '46,11,35,36,37,38,39,40,43,50,51,52,53,54,55,56,', '', '', '', '0', null, '');
INSERT INTO `settings` VALUES ('47', 'Site.logo', '/uploads/logo.jpg', '', '', '', '0', null, '');
INSERT INTO `settings` VALUES ('48', 'Site.footerinfo', '<p><b>Cty C Phn Vit In</b></p>\r\n    <p>a ch: 423/29 Lc Long Qun, Phng 5, Q.11, TP.HCM</p>\r\n    <p>in thoi: 08.3975.6726 - Fax: 08.3975.2451</p>\r\n    <p>Email: <a href=\"mailto:kinhdoanh@congtyvietin.com\">kinhdoanh@congtyvietin.com</a> - <a href=\"mailto:sale@congtyvietin.com\">sale@congtyvietin.com</a></p>', '', '', '', '0', null, '');
INSERT INTO `settings` VALUES ('49', 'Site.headerinfo', '<p>Vit In quan tm chm sc hnh nh thng hiu ca bn bi thng hiu l ti sn gi tr nht m bn c c sau bao nhiu kh khn gy dng trn thng trng.</p>\r\n<p><strong> l s mnh y t ho ca chng ti.</strong></p>\r\n<p>a ch: 423/29 Lc Long Qun, Phng 5, Q.11, TP.HCM</p>\r\n<p>Hotline: 08.3975.6726 - Fax: 08.3975.2451</p>\r\n', '', '', '', '0', null, '');
INSERT INTO `settings` VALUES ('50', 'Product.contact', '<span><b>Khch hng mun bit chi tit xin lin h theo thng tin di y</b></span>\r\n<span><b>T vn 1:</b> 023029309 , <b>T vn 2:</b> 023029029</span>\r\n<span>Hoc gi lin h: <a href=\"/lien-he.html\">Ti y</a></span>\r\n<span><b>Xin trn thnh cm n.</b></span>', '', '', '', '0', null, '');

-- ----------------------------
-- Table structure for `supports`
-- ----------------------------
DROP TABLE IF EXISTS `supports`;
CREATE TABLE `supports` (
  `id` int(11) NOT NULL AUTO_INCREMENT,
  `title` varchar(255) COLLATE utf8_unicode_ci DEFAULT NULL,
  `email` varchar(255) COLLATE utf8_unicode_ci DEFAULT NULL,
  `phone` varchar(255) COLLATE utf8_unicode_ci DEFAULT NULL,
  `yahoo` varchar(255) COLLATE utf8_unicode_ci DEFAULT NULL,
  `skype` varchar(255) COLLATE utf8_unicode_ci DEFAULT NULL,
  `created` datetime DEFAULT NULL,
  `updated` datetime DEFAULT NULL,
  `status` tinyint(1) DEFAULT '1',
  PRIMARY KEY (`id`)
) ENGINE=InnoDB AUTO_INCREMENT=6 DEFAULT CHARSET=utf8 COLLATE=utf8_unicode_ci;

-- ----------------------------
-- Records of supports
-- ----------------------------
INSERT INTO `supports` VALUES ('1', 'T vn 1', 'tuvan1@gmail.com', '2302930293', 'tuvan1', 'tuvan1', '2000-05-01 14:32:37', '2013-05-02 22:53:57', '1');
INSERT INTO `supports` VALUES ('2', 'T vn 2', 'tuvan2@gmail.com', '029302930', 'tuvan2', 'tuvan2', '2013-05-02 22:49:38', '2013-05-02 22:54:07', '1');
INSERT INTO `supports` VALUES ('3', 'T vn 3', 'tuvan3@gmail.com', '092039203', 'tuvan3', 'tuvan3', '2013-05-02 22:52:44', '2013-05-02 22:52:44', '1');
INSERT INTO `supports` VALUES ('5', 'T vn 4', 'tuvan4@gmail.com', '0293092093', 'tuvan4', 'tuvan4', '2013-05-02 22:53:29', '2013-05-02 23:17:43', '1');

-- ----------------------------
-- Table structure for `taxonomies`
-- ----------------------------
DROP TABLE IF EXISTS `taxonomies`;
CREATE TABLE `taxonomies` (
  `id` int(20) NOT NULL AUTO_INCREMENT,
  `parent_id` int(20) DEFAULT NULL,
  `term_id` int(10) NOT NULL,
  `vocabulary_id` int(10) NOT NULL,
  `lft` int(11) DEFAULT NULL,
  `rght` int(11) DEFAULT NULL,
  PRIMARY KEY (`id`)
) ENGINE=InnoDB AUTO_INCREMENT=4 DEFAULT CHARSET=utf8 COLLATE=utf8_unicode_ci;

-- ----------------------------
-- Records of taxonomies
-- ----------------------------
INSERT INTO `taxonomies` VALUES ('1', null, '1', '1', '1', '2');
INSERT INTO `taxonomies` VALUES ('2', null, '2', '1', '3', '4');
INSERT INTO `taxonomies` VALUES ('3', null, '3', '2', '1', '2');

-- ----------------------------
-- Table structure for `terms`
-- ----------------------------
DROP TABLE IF EXISTS `terms`;
CREATE TABLE `terms` (
  `id` int(10) NOT NULL AUTO_INCREMENT,
  `title` varchar(255) COLLATE utf8_unicode_ci NOT NULL,
  `slug` varchar(255) COLLATE utf8_unicode_ci NOT NULL,
  `description` text COLLATE utf8_unicode_ci,
  `updated` datetime NOT NULL,
  `created` datetime NOT NULL,
  PRIMARY KEY (`id`),
  UNIQUE KEY `slug` (`slug`)
) ENGINE=InnoDB AUTO_INCREMENT=4 DEFAULT CHARSET=utf8 COLLATE=utf8_unicode_ci;

-- ----------------------------
-- Records of terms
-- ----------------------------
INSERT INTO `terms` VALUES ('1', 'Uncategorized', 'uncategorized', '', '2009-07-22 03:38:43', '2009-07-22 03:34:56');
INSERT INTO `terms` VALUES ('2', 'Announcements', 'announcements', '', '2010-05-16 23:57:06', '2009-07-22 03:45:37');
INSERT INTO `terms` VALUES ('3', 'mytag', 'mytag', '', '2009-08-26 14:42:43', '2009-08-26 14:42:43');

-- ----------------------------
-- Table structure for `types`
-- ----------------------------
DROP TABLE IF EXISTS `types`;
CREATE TABLE `types` (
  `id` int(10) NOT NULL AUTO_INCREMENT,
  `title` varchar(255) COLLATE utf8_unicode_ci NOT NULL,
  `alias` varchar(255) COLLATE utf8_unicode_ci NOT NULL,
  `description` text COLLATE utf8_unicode_ci,
  `format_show_author` tinyint(1) NOT NULL DEFAULT '1',
  `format_show_date` tinyint(1) NOT NULL DEFAULT '1',
  `comment_status` int(1) NOT NULL DEFAULT '1',
  `comment_approve` tinyint(1) NOT NULL DEFAULT '1',
  `comment_spam_protection` tinyint(1) NOT NULL DEFAULT '0',
  `comment_captcha` tinyint(1) NOT NULL DEFAULT '0',
  `params` text COLLATE utf8_unicode_ci,
  `plugin` varchar(255) COLLATE utf8_unicode_ci DEFAULT NULL,
  `updated` datetime NOT NULL,
  `created` datetime NOT NULL,
  PRIMARY KEY (`id`),
  UNIQUE KEY `type_alias` (`alias`)
) ENGINE=InnoDB AUTO_INCREMENT=5 DEFAULT CHARSET=utf8 COLLATE=utf8_unicode_ci;

-- ----------------------------
-- Records of types
-- ----------------------------
INSERT INTO `types` VALUES ('1', 'Page', 'page', 'A page is a simple method for creating and displaying information that rarely changes, such as an \"About us\" section of a website. By default, a page entry does not allow visitor comments.', '0', '0', '0', '1', '0', '0', '', '', '2009-09-09 00:23:24', '2009-09-02 18:06:27');
INSERT INTO `types` VALUES ('2', 'Blog', 'blog', 'A blog entry is a single post to an online journal, or blog.', '1', '1', '2', '1', '0', '0', '', '', '2009-09-15 12:15:43', '2009-09-02 18:20:44');
INSERT INTO `types` VALUES ('4', 'Node', 'node', 'Default content type.', '1', '1', '2', '1', '0', '0', '', '', '2009-10-06 21:53:15', '2009-09-05 23:51:56');

-- ----------------------------
-- Table structure for `types_vocabularies`
-- ----------------------------
DROP TABLE IF EXISTS `types_vocabularies`;
CREATE TABLE `types_vocabularies` (
  `id` int(10) NOT NULL AUTO_INCREMENT,
  `type_id` int(10) NOT NULL,
  `vocabulary_id` int(10) NOT NULL,
  `weight` int(11) DEFAULT NULL,
  PRIMARY KEY (`id`)
) ENGINE=InnoDB AUTO_INCREMENT=32 DEFAULT CHARSET=utf8 COLLATE=utf8_unicode_ci;

-- ----------------------------
-- Records of types_vocabularies
-- ----------------------------
INSERT INTO `types_vocabularies` VALUES ('24', '4', '1', null);
INSERT INTO `types_vocabularies` VALUES ('25', '4', '2', null);
INSERT INTO `types_vocabularies` VALUES ('30', '2', '1', null);
INSERT INTO `types_vocabularies` VALUES ('31', '2', '2', null);

-- ----------------------------
-- Table structure for `users`
-- ----------------------------
DROP TABLE IF EXISTS `users`;
CREATE TABLE `users` (
  `id` int(20) NOT NULL AUTO_INCREMENT,
  `role_id` int(11) NOT NULL,
  `username` varchar(60) COLLATE utf8_unicode_ci NOT NULL,
  `password` varchar(100) COLLATE utf8_unicode_ci NOT NULL,
  `name` varchar(50) COLLATE utf8_unicode_ci NOT NULL,
  `email` varchar(100) COLLATE utf8_unicode_ci NOT NULL,
  `website` varchar(100) COLLATE utf8_unicode_ci DEFAULT NULL,
  `activation_key` varchar(60) COLLATE utf8_unicode_ci NOT NULL,
  `image` varchar(255) COLLATE utf8_unicode_ci DEFAULT NULL,
  `bio` text COLLATE utf8_unicode_ci,
  `timezone` varchar(10) COLLATE utf8_unicode_ci NOT NULL DEFAULT '0',
  `status` tinyint(1) NOT NULL DEFAULT '0',
  `updated` datetime NOT NULL,
  `created` datetime NOT NULL,
  PRIMARY KEY (`id`)
) ENGINE=InnoDB AUTO_INCREMENT=2 DEFAULT CHARSET=utf8 COLLATE=utf8_unicode_ci;

-- ----------------------------
-- Records of users
-- ----------------------------
INSERT INTO `users` VALUES ('1', '1', 'admin', '2279c8b945de6a4d23b15124148d8bb5d5173a71', 'admin', '', null, 'caec65bf60adf96fe7da3ca7783ebbf7', null, null, '0', '1', '2013-04-22 18:13:37', '2013-04-22 18:13:37');

-- ----------------------------
-- Table structure for `vocabularies`
-- ----------------------------
DROP TABLE IF EXISTS `vocabularies`;
CREATE TABLE `vocabularies` (
  `id` int(10) NOT NULL AUTO_INCREMENT,
  `title` varchar(255) COLLATE utf8_unicode_ci NOT NULL,
  `alias` varchar(255) COLLATE utf8_unicode_ci NOT NULL,
  `description` text COLLATE utf8_unicode_ci,
  `required` tinyint(1) NOT NULL DEFAULT '0',
  `multiple` tinyint(1) NOT NULL DEFAULT '0',
  `tags` tinyint(1) NOT NULL DEFAULT '0',
  `plugin` varchar(255) COLLATE utf8_unicode_ci DEFAULT NULL,
  `weight` int(11) DEFAULT NULL,
  `updated` datetime NOT NULL,
  `created` datetime NOT NULL,
  PRIMARY KEY (`id`),
  UNIQUE KEY `vocabulary_alias` (`alias`)
) ENGINE=InnoDB AUTO_INCREMENT=3 DEFAULT CHARSET=utf8 COLLATE=utf8_unicode_ci;

-- ----------------------------
-- Records of vocabularies
-- ----------------------------
INSERT INTO `vocabularies` VALUES ('1', 'Categories', 'categories', '', '0', '1', '0', '', '1', '2010-05-17 20:03:11', '2009-07-22 02:16:21');
INSERT INTO `vocabularies` VALUES ('2', 'Tags', 'tags', '', '0', '1', '0', '', '2', '2010-05-17 20:03:11', '2009-07-22 02:16:34');
